swadesh.language,swadesh.english,HScollapsed,poabodypartmerge,swadesh.twohands,swadesh.pmv
English,all,y4,Lateral,true,Y_down
English,animal,y4,Horizontal,true,Z_front
English,bad,n1,Vertical,false,Z_front
English,because,y1,Hand,false,Z_back
English,bird,y1,Head,false,UNDEF
English,black,y0,Head,false,Y_down
English,blood,n1,Head,false,Y_down
English,boring,y4,Head,false,Z_back
English,brother,y0,Lateral,true,Z_front
English,bug,y4,Horizontal,false,Z_front
English,cat,y4,Head,true,X_right
English,child,y4,Horizontal,false,Y_down
English,correct,y0,Hand,false,Y_down
English,count,y4,Lateral,true,Y_down
English,dance,n2,Vertical,true,X_left
English,day,y4,Vertical,true,Y_up
English,die,n2,Horizontal,true,Y_down
English,dirty,y4,Horizontal,true,X_left
English,dog,n2,Horizontal,true,Y_down
English,dry,y4,Head,true,Y_down
English,dust,y4,Horizontal,true,UNDEF
English,earth,n4,Lateral,true,Y_down
English,egg,y1,Hand,false,Y_down
English,father,n2,Hand,false,Y_down
English,feather,y4,Lateral,true,X_right
English,fire,y4,Horizontal,true,Y_up
English,fish,y4,Head,false,UNDEF
English,flower,y1,Head,false,X_right
English,full,y4,Hand,false,Y_up
English,good,y0,Vertical,false,Z_front
English,grass,y4,Arm,false,X_right
English,grease,y4,Horizontal,true,UNDEF
English,green,n0,Hand,false,Z_back
English,heavy,y4,Horizontal,true,Y_down
English,how,n4,Lateral,true,X_left
English,husband,y1,Hand,false,X_left
English,ice,y4,Horizontal,true,UNDEF
English,if,n1,Hand,false,Y_down
English,kill,n1,Hand,false,UNDEF
English,laugh,y1,Head,false,Y_down
English,leaf,y1,Head,false,X_right
English,lie,n1,Head,false,X_right
English,live,n1,Torso,false,Y_down
English,long,y4,Head,true,Y_down
English,look_for,n2,Vertical,true,Z_front
English,man,y4,Head,false,UNDEF
English,meat,y4,Head,false,Y_down
English,moon,y1,Vertical,false,Y_down
English,mother,n3,Hand,false,UNDEF
English,mountain,n4,Lateral,true,Y_up
English,name,n2,Head,false,Z_front
English,narrow,n2,Lateral,true,Z_front
English,new,y4,Hand,false,Y_up
English,night,y4,Head,false,Y_down
English,not,y4,Horizontal,true,X_right
English,old,n2,Head,false,Y_down
English,other,n1,Hand,false,Y_up
English,person,y1,Horizontal,false,Y_down
English,pig,n0,Head,false,X_left
English,play,y4,Horizontal,true,Y_down
English,rain,y4,Vertical,true,UNDEF
English,red,y1,Head,false,UNDEF
English,river,n2,Horizontal,true,Z_front
English,salt,n1,Hand,false,Z_front
English,sea,y4,Horizontal,true,X_right
English,sharp,y1,Hand,false,X_right
English,short,y0,Lateral,true,X_left
English,singing,n2,Head,true,Z_front
English,sister,y1,Head,false,Z_back
English,sit,y4,Horizontal,true,Y_down
English,smooth,y4,Hand,false,X_right
English,snake,n2,Head,false,Z_front
English,snow,y4,Vertical,true,Y_down
English,stand,n2,Hand,false,Y_down
English,star,n1,Head,false,UNDEF
English,stone,y4,Hand,false,UNDEF
English,string,y1,Hand,false,X_right
English,sun,y4,Head,false,UNDEF
English,tail,y1,Hand,false,Y_up
English,thin,n1,Vertical,false,Y_down
English,tree,y4,Hand,false,UNDEF
English,vomit,n4,Head,true,UNDEF
English,warm,y4,Head,false,Y_down
English,water,n1,Head,false,UNDEF
English,wet,y4,Horizontal,true,Y_down
English,what,n1,Vertical,false,X_right
English,when,y4,Head,false,UNDEF
English,where,y4,Horizontal,true,X_right
English,white,y1,Hand,false,UNDEF
English,who,n1,Vertical,false,Z_back
English,wide,y4,Lateral,true,X_right
English,wife,y1,Hand,false,X_left
English,wind,y4,Lateral,true,X_left
English,with,y4,Lateral,true,X_left
English,woman,n1,Head,false,Z_front
English,wood,y0,Hand,false,Y_down
English,work,y4,Hand,false,Y_down
English,worm,n1,Horizontal,false,X_left
English,year,n1,Hand,false,Z_front
English,yellow,n1,Hand,false,Z_back
Swedish,all,y4,Horizontal,false,X_right
Swedish,animal,n2,Horizontal,true,Z_front
Swedish,bad,n4,Lateral,true,X_left
Swedish,because,n0,Vertical,false,UNDEF
Swedish,bird,y1,Head,false,UNDEF
Swedish,black,y4,Head,false,Y_down
Swedish,blood,y4,Arm,false,Y_down
Swedish,boring,y0,Torso,true,Y_down
Swedish,brother,y1,Horizontal,true,X_right
Swedish,cat,y4,Hand,false,UNDEF
Swedish,child,y4,Horizontal,false,Y_down
Swedish,correct,y4,Hand,false,Y_down
Swedish,count,n4,Hand,false,Y_down
Swedish,dance,y1,Vertical,true,Z_front
Swedish,day,y4,Horizontal,true,Y_down
Swedish,die,y4,Torso,false,Y_down
Swedish,dirty,n0,Head,false,Y_down
Swedish,dog,y4,Lateral,false,UNDEF
Swedish,dry,y4,Horizontal,true,Y_down
Swedish,dust,y4,Hand,false,Z_front
Swedish,earth,n4,Lateral,true,Y_down
Swedish,egg,n2,Hand,false,UNDEF
Swedish,father,n1,Head,false,Y_down
Swedish,feather,y1,Hand,false,X_right
Swedish,fish,n1,Hand,false,Y_up
Swedish,flower,y4,Head,false,Y_up
Swedish,full,y4,Hand,false,Z_back
Swedish,good,y4,Head,false,Z_front
Swedish,grass,n4,Hand,false,Y_up
Swedish,green,n4,Hand,false,UNDEF
Swedish,heavy,n0,Horizontal,true,Y_down
Swedish,how,y1,Vertical,false,UNDEF
Swedish,husband,y1,Hand,false,X_left
Swedish,kill,y1,Hand,false,Y_down
Swedish,laugh,n4,Horizontal,true,Z_front
Swedish,leaf,y1,Hand,false,X_right
Swedish,lie,y4,Head,false,UNDEF
Swedish,live,y4,Vertical,true,Y_up
Swedish,long,n1,Arm,false,Z_back
Swedish,look_for,n2,Head,false,Y_down
Swedish,man,y4,Head,false,Z_front
Swedish,meat,y0,Head,false,X_right
Swedish,moon,n4,Head,false,Y_down
Swedish,mother,y4,Torso,false,Y_up
Swedish,mountain,y0,Hand,false,Z_front
Swedish,name,n1,Hand,false,Z_front
Swedish,narrow,y4,Lateral,true,X_left
Swedish,new,n2,Vertical,false,UNDEF
Swedish,night,y4,Head,true,Y_down
Swedish,not,y4,Horizontal,true,X_right
Swedish,old,n4,Head,false,X_right
Swedish,other,y2,Lateral,false,X_right
Swedish,person,n4,Hand,true,Y_down
Swedish,pig,n4,Hand,false,UNDEF
Swedish,play,y4,Lateral,true,X_right
Swedish,rain,y4,Vertical,true,UNDEF
Swedish,red,n1,Head,false,Z_back
Swedish,river,y4,Head,false,Z_front
Swedish,salt,n1,Hand,false,Y_down
Swedish,sea,y4,Horizontal,false,Z_front
Swedish,sharp,y0,Head,false,Y_down
Swedish,short,y1,Lateral,true,X_left
Swedish,singing,y4,Head,true,Y_down
Swedish,sister,y1,Horizontal,true,X_right
Swedish,sit,n2,Hand,false,Y_down
Swedish,smooth,y4,Hand,false,X_right
Swedish,snake,n2,Head,false,UNDEF
Swedish,snow,y4,Horizontal,true,Y_down
Swedish,star,n1,Lateral,true,X_right
Swedish,stone,y0,Hand,false,X_right
Swedish,string,n1,Lateral,true,X_right
Swedish,sun,y4,Head,false,X_left
Swedish,tail,y1,Hand,false,Y_up
Swedish,thin,y4,Lateral,true,X_right
Swedish,tree,n1,Lateral,true,Y_up
Swedish,vomit,y4,Head,true,Y_down
Swedish,warm,y4,Head,false,X_right
Swedish,water,y4,Head,false,Y_down
Swedish,wet,n0,Horizontal,true,UNDEF
Swedish,what,y4,Horizontal,true,X_left
Swedish,when,n2,Horizontal,false,X_left
Swedish,where,n1,Vertical,false,X_left
Swedish,white,n1,Hand,false,UNDEF
Swedish,who,n2,Vertical,false,UNDEF
Swedish,wide,y4,Lateral,true,X_right
Swedish,wife,y1,Hand,false,UNDEF
Swedish,wind,y0,Lateral,true,X_left
Swedish,with,y4,Lateral,true,X_left
Swedish,woman,n4,Hand,false,UNDEF
Swedish,wood,y4,Arm,false,Y_down
Swedish,work,n0,Hand,false,X_left
Swedish,worm,n1,Hand,false,Z_front
Swedish,year,n1,Hand,false,Y_down
Swedish,yellow,y1,Hand,false,Z_front
Lithuanian,all,y4,Lateral,true,Y_down
Lithuanian,animal,n4,Torso,false,UNDEF
Lithuanian,bad,n1,Vertical,false,Z_front
Lithuanian,because,n1,Vertical,false,Z_front
Lithuanian,bird,y1,Head,false,UNDEF
Lithuanian,black,y4,Head,false,UNDEF
Lithuanian,blood,y4,Hand,false,Y_down
Lithuanian,boring,y2,Head,false,UNDEF
Lithuanian,brother,n1,Lateral,true,Z_front
Lithuanian,bug,y4,Horizontal,false,Z_front
Lithuanian,cat,y1,Head,true,Z_back
Lithuanian,child,n2,Vertical,false,UNDEF
Lithuanian,correct,y1,Vertical,true,Z_front
Lithuanian,count,y4,Lateral,true,X_left
Lithuanian,dance,n2,Vertical,true,UNDEF
Lithuanian,day,y4,Lateral,true,Y_down
Lithuanian,die,y4,Hand,false,Z_back
Lithuanian,dirty,y0,Head,false,X_left
Lithuanian,dog,y1,Head,false,Y_down
Lithuanian,dry,y0,Horizontal,true,X_left
Lithuanian,dust,y1,Hand,false,UNDEF
Lithuanian,earth,y4,Hand,false,UNDEF
Lithuanian,egg,y1,Head,false,Z_back
Lithuanian,father,n2,Head,false,Y_down
Lithuanian,feather,n4,Horizontal,true,UNDEF
Lithuanian,fire,n2,Vertical,true,Y_up
Lithuanian,fish,y4,Horizontal,false,X_left
Lithuanian,flower,y1,Head,false,UNDEF
Lithuanian,full,y4,Hand,false,Z_front
Lithuanian,good,y0,Vertical,false,Z_front
Lithuanian,grass,y4,Head,true,Y_up
Lithuanian,grease,y4,Hand,false,Z_back
Lithuanian,green,y0,Head,false,Y_down
Lithuanian,heavy,y1,Head,false,UNDEF
Lithuanian,how,y4,Lateral,true,UNDEF
Lithuanian,husband,y1,Hand,false,X_left
Lithuanian,ice,y0,Lateral,true,X_left
Lithuanian,if,y0,Head,false,UNDEF
Lithuanian,kill,n2,Hand,false,Y_up
Lithuanian,laugh,n2,Head,false,UNDEF
Lithuanian,leaf,y1,Hand,false,Z_front
Lithuanian,lie,n1,Head,false,UNDEF
Lithuanian,live,y4,Torso,false,Z_back
Lithuanian,long,n1,Lateral,true,X_right
Lithuanian,look_for,n2,Vertical,true,Y_down
Lithuanian,man,n4,Head,false,Y_down
Lithuanian,meat,n1,Hand,false,Z_back
Lithuanian,moon,y1,Vertical,false,Y_down
Lithuanian,mother,y4,Head,false,Z_back
Lithuanian,mountain,y4,Horizontal,true,Y_down
Lithuanian,name,y0,Head,false,X_right
Lithuanian,narrow,y4,Horizontal,true,Z_front
Lithuanian,new,y4,Hand,false,Y_up
Lithuanian,night,y4,Head,true,Y_down
Lithuanian,not,n4,Vertical,false,X_right
Lithuanian,old,y0,Head,false,Y_down
Lithuanian,other,n1,Vertical,false,UNDEF
Lithuanian,person,y1,Horizontal,false,Y_down
Lithuanian,pig,n1,Hand,false,Z_back
Lithuanian,play,y4,Horizontal,true,Y_up
Lithuanian,rain,y1,Horizontal,true,UNDEF
Lithuanian,red,n1,Head,false,UNDEF
Lithuanian,river,y1,Horizontal,false,X_left
Lithuanian,salt,y4,Horizontal,false,Z_back
Lithuanian,sea,y1,Vertical,false,Y_down
Lithuanian,sharp,n4,Head,false,Y_down
Lithuanian,short,y4,Horizontal,true,UNDEF
Lithuanian,singing,n1,Vertical,true,X_left
Lithuanian,sister,n1,Lateral,true,Z_front
Lithuanian,sit,n2,Horizontal,false,Y_down
Lithuanian,smooth,n4,Hand,false,Z_front
Lithuanian,snake,n2,Head,false,Z_front
Lithuanian,snow,y4,Vertical,true,Y_down
Lithuanian,stand,y4,Horizontal,true,Y_down
Lithuanian,star,n1,Vertical,true,X_right
Lithuanian,stone,y0,Lateral,true,X_left
Lithuanian,string,n1,Lateral,true,X_right
Lithuanian,sun,y4,Head,false,X_left
Lithuanian,tail,n1,Hand,false,UNDEF
Lithuanian,thin,n1,Vertical,false,Y_down
Lithuanian,tree,y4,Hand,false,UNDEF
Lithuanian,vomit,y2,Head,false,Y_down
Lithuanian,warm,n4,Head,false,X_right
Lithuanian,water,y4,Head,false,UNDEF
Lithuanian,wet,y4,Lateral,true,X_right
Lithuanian,what,n2,Vertical,false,UNDEF
Lithuanian,when,y4,Head,false,UNDEF
Lithuanian,where,y1,Horizontal,false,Z_back
Lithuanian,white,n4,Hand,false,UNDEF
Lithuanian,who,n2,Vertical,false,UNDEF
Lithuanian,wide,y4,Lateral,true,X_right
Lithuanian,wife,y1,Hand,false,X_left
Lithuanian,wind,n0,Head,false,X_right
Lithuanian,with,y4,Lateral,true,X_left
Lithuanian,woman,n4,Head,false,Z_back
Lithuanian,wood,n4,Arm,false,Z_back
Lithuanian,work,n2,Hand,false,Y_down
Lithuanian,worm,y1,Horizontal,false,Z_front
Lithuanian,year,y0,Lateral,true,Y_up
Lithuanian,yellow,n1,Head,false,UNDEF
Czech,all,y4,Lateral,true,Y_down
Czech,animal,y1,Head,true,Z_front
Czech,bad,n4,Head,false,UNDEF
Czech,because,y1,Lateral,true,X_right
Czech,bird,y1,Head,false,UNDEF
Czech,black,y4,Vertical,true,Y_down
Czech,blood,n1,Head,false,Z_back
Czech,boring,y4,Head,false,Z_back
Czech,brother,n4,Head,false,Z_back
Czech,bug,n1,Hand,false,Y_down
Czech,cat,y1,Head,true,X_right
Czech,child,n4,Horizontal,false,X_left
Czech,correct,n2,Hand,false,Z_front
Czech,count,y0,Vertical,true,Y_down
Czech,dance,n1,Horizontal,true,Z_front
Czech,day,y1,Horizontal,false,X_right
Czech,die,y4,Hand,true,Z_back
Czech,dirty,y4,Hand,false,Z_back
Czech,dog,y4,Head,false,Y_down
Czech,dry,y0,Lateral,true,X_left
Czech,dust,y4,Horizontal,true,UNDEF
Czech,earth,n0,Hand,false,UNDEF
Czech,egg,y1,Head,false,UNDEF
Czech,father,y1,Head,false,Y_down
Czech,feather,y1,Lateral,true,X_right
Czech,fire,y4,Horizontal,true,Y_up
Czech,fish,y4,Horizontal,true,UNDEF
Czech,flower,y4,Head,false,Y_up
Czech,full,n2,Hand,false,Z_front
Czech,good,y1,Horizontal,false,Z_front
Czech,grass,n1,Hand,false,Y_down
Czech,grease,n4,Hand,false,Z_back
Czech,green,n1,Head,false,X_left
Czech,heavy,n0,Horizontal,true,Y_up
Czech,how,y1,Head,false,Z_back
Czech,husband,y4,Horizontal,true,Y_down
Czech,ice,n4,Hand,false,X_right
Czech,if,y1,Head,false,Y_down
Czech,kill,y1,Hand,false,Y_down
Czech,laugh,n2,Head,false,X_left
Czech,leaf,y1,Hand,false,X_right
Czech,lie,n4,Head,false,Z_back
Czech,live,y4,Head,false,Z_back
Czech,long,n1,Lateral,true,X_right
Czech,look_for,n2,Lateral,true,Y_up
Czech,man,n4,Head,false,X_left
Czech,meat,y1,Vertical,true,Z_front
Czech,moon,y0,Vertical,false,Y_down
Czech,mother,n1,Head,false,X_left
Czech,mountain,y1,Vertical,false,Y_up
Czech,name,y0,Head,false,X_left
Czech,narrow,y4,Lateral,true,X_left
Czech,new,n4,Hand,false,Y_up
Czech,night,y4,Vertical,true,Y_down
Czech,not,n1,Hand,false,Z_back
Czech,old,n4,Hand,false,Z_back
Czech,other,n1,Vertical,false,Z_front
Czech,person,n1,Torso,false,Z_back
Czech,pig,y4,Lateral,true,X_right
Czech,play,y4,Horizontal,true,Y_up
Czech,rain,y4,Horizontal,true,UNDEF
Czech,red,n1,Head,false,X_right
Czech,river,n4,Head,false,X_right
Czech,salt,y4,Head,false,UNDEF
Czech,sea,y4,Hand,false,Z_front
Czech,sharp,y1,Lateral,true,X_right
Czech,short,n1,Lateral,true,X_left
Czech,singing,y1,Vertical,true,Z_back
Czech,sister,y1,Head,false,Z_back
Czech,sit,y4,Horizontal,true,Y_down
Czech,smooth,y4,Hand,false,Z_front
Czech,snake,n2,Horizontal,false,X_left
Czech,snow,y0,Lateral,true,UNDEF
Czech,stand,y1,Lateral,true,X_right
Czech,stone,y0,Lateral,true,X_left
Czech,string,y1,Lateral,true,X_right
Czech,sun,n1,Head,false,X_left
Czech,tail,n1,Vertical,false,UNDEF
Czech,thin,y1,Lateral,true,X_right
Czech,tree,y4,Hand,false,UNDEF
Czech,vomit,y4,Head,false,Y_down
Czech,warm,y4,Head,false,Y_down
Czech,water,y4,Head,false,X_right
Czech,wet,y4,Horizontal,true,Y_down
Czech,what,y1,Lateral,false,X_left
Czech,when,y1,Hand,false,UNDEF
Czech,where,y4,Horizontal,true,X_left
Czech,white,y0,Hand,false,UNDEF
Czech,who,y1,Vertical,false,X_left
Czech,wide,y4,Lateral,true,X_right
Czech,wife,y4,Horizontal,true,Y_down
Czech,wind,n2,Vertical,false,Y_up
Czech,with,y1,Hand,false,X_left
Czech,woman,y1,Head,false,Y_down
Czech,wood,n4,Hand,false,Y_down
Czech,work,y4,Head,false,UNDEF
Czech,worm,n1,Horizontal,false,X_left
Czech,year,y0,Hand,false,Y_down
Czech,yellow,y1,Head,false,Z_front
Spanish,all,y4,Hand,false,X_left
Spanish,animal,y4,Lateral,true,Y_down
Spanish,bad,n4,Vertical,false,Z_front
Spanish,because,y4,Head,false,Z_front
Spanish,bird,y1,Head,false,UNDEF
Spanish,black,n2,Hand,false,Z_front
Spanish,blood,n2,Arm,false,Y_down
Spanish,boring,y4,Head,false,Y_down
Spanish,brother,n2,Horizontal,false,UNDEF
Spanish,bug,y4,Horizontal,false,Z_front
Spanish,cat,n4,Hand,false,Z_back
Spanish,child,y0,Head,false,UNDEF
Spanish,correct,y1,Horizontal,false,X_right
Spanish,count,y4,Horizontal,true,Y_down
Spanish,dance,y4,Torso,false,Z_back
Spanish,day,y1,Head,false,Z_back
Spanish,die,n4,Horizontal,false,UNDEF
Spanish,dirty,n4,Head,false,Z_front
Spanish,dog,y4,Head,false,Y_down
Spanish,dry,y4,Horizontal,true,Y_down
Spanish,earth,y4,Lateral,true,Y_down
Spanish,egg,y4,Lateral,true,UNDEF
Spanish,father,n4,Head,false,Y_down
Spanish,fire,y4,Horizontal,true,Y_up
Spanish,fish,n2,Horizontal,false,X_left
Spanish,flower,y4,Head,false,Z_front
Spanish,full,y0,Hand,false,Y_up
Spanish,good,y4,Head,false,Y_down
Spanish,grass,n2,Head,false,Y_up
Spanish,grease,y4,Hand,false,Z_back
Spanish,green,n2,Hand,false,UNDEF
Spanish,heavy,y4,Horizontal,true,Y_down
Spanish,how,y1,Head,false,UNDEF
Spanish,husband,n1,Hand,false,Y_down
Spanish,ice,y4,Head,false,Z_front
Spanish,if,n4,Head,false,UNDEF
Spanish,kill,n0,Vertical,false,Z_front
Spanish,laugh,y1,Hand,false,Z_front
Spanish,leaf,y4,Hand,false,UNDEF
Spanish,lie,n1,Head,false,UNDEF
Spanish,live,y4,Hand,true,UNDEF
Spanish,long,y4,Lateral,true,X_right
Spanish,look_for,n2,Vertical,true,Y_down
Spanish,man,y0,Head,false,UNDEF
Spanish,meat,y4,Hand,false,Y_down
Spanish,moon,y4,Head,false,Z_back
Spanish,mother,n4,Head,false,X_right
Spanish,mountain,y4,Horizontal,true,X_right
Spanish,name,n2,Head,false,Y_down
Spanish,narrow,y4,Lateral,true,X_left
Spanish,new,n2,Vertical,true,UNDEF
Spanish,night,y4,Vertical,true,Y_down
Spanish,old,n0,Head,false,Z_back
Spanish,other,y1,Horizontal,false,X_right
Spanish,person,y1,Horizontal,false,Y_down
Spanish,pig,y4,Head,false,UNDEF
Spanish,play,y4,Horizontal,true,UNDEF
Spanish,rain,y4,Horizontal,true,Y_down
Spanish,red,n1,Head,false,UNDEF
Spanish,river,y4,Head,false,Z_back
Spanish,sea,n0,Hand,false,Z_front
Spanish,sharp,n2,Hand,false,Y_down
Spanish,short,y4,Horizontal,false,Y_down
Spanish,singing,y4,Lateral,false,Y_up
Spanish,sister,n2,Horizontal,false,UNDEF
Spanish,sit,y2,Horizontal,true,Y_down
Spanish,snake,n1,Hand,false,UNDEF
Spanish,snow,y4,Vertical,true,Y_down
Spanish,stand,y4,Vertical,true,Y_down
Spanish,star,y1,Vertical,true,Y_down
Spanish,stone,y0,Lateral,true,X_left
Spanish,string,n1,Lateral,true,X_right
Spanish,sun,y1,Vertical,false,UNDEF
Spanish,tail,n1,Hand,false,UNDEF
Spanish,thin,n1,Vertical,false,Y_down
Spanish,tree,y4,Hand,false,UNDEF
Spanish,vomit,y4,Head,false,Z_front
Spanish,warm,y1,Lateral,true,UNDEF
Spanish,water,y4,Head,false,Z_back
Spanish,wet,y4,Horizontal,true,Y_down
Spanish,what,y1,Lateral,false,X_left
Spanish,when,n4,Vertical,false,UNDEF
Spanish,where,y4,Horizontal,false,Z_back
Spanish,white,y1,Torso,false,Z_front
Spanish,who,y1,Horizontal,false,UNDEF
Spanish,wide,y4,Lateral,true,X_right
Spanish,wife,n1,Hand,false,UNDEF
Spanish,wind,n4,Horizontal,true,Z_back
Spanish,with,y4,Lateral,true,X_left
Spanish,woman,y1,Head,false,Z_back
Spanish,wood,y4,Hand,false,Z_front
Spanish,work,n0,Hand,false,Y_down
Spanish,worm,n1,Horizontal,false,Z_front
Spanish,year,n0,Vertical,false,X_left
Spanish,yellow,y1,Head,false,UNDEF
Portuguese,animal,y4,Head,false,UNDEF
Portuguese,bad,y1,Horizontal,false,Y_down
Portuguese,because,y4,Head,false,Z_back
Portuguese,bird,y1,Head,false,UNDEF
Portuguese,black,n1,Head,false,Z_back
Portuguese,blood,y1,Head,false,Y_down
Portuguese,boring,y4,Head,false,UNDEF
Portuguese,brother,n1,Lateral,false,X_left
Portuguese,bug,y4,Hand,false,Y_down
Portuguese,cat,y4,Hand,false,X_right
Portuguese,child,y4,Lateral,false,UNDEF
Portuguese,correct,y0,Vertical,false,UNDEF
Portuguese,count,y4,Vertical,true,Z_back
Portuguese,day,y4,Torso,false,Y_up
Portuguese,die,y4,Vertical,true,X_left
Portuguese,dirty,n4,Head,false,Z_front
Portuguese,dog,y4,Head,false,UNDEF
Portuguese,dry,n0,Horizontal,true,Y_down
Portuguese,earth,y4,Horizontal,true,X_left
Portuguese,egg,y2,Vertical,false,UNDEF
Portuguese,father,y1,Head,false,UNDEF
Portuguese,feather,y4,Hand,false,UNDEF
Portuguese,fire,y4,Horizontal,true,UNDEF
Portuguese,fish,y4,Horizontal,true,UNDEF
Portuguese,flower,y4,Head,false,UNDEF
Portuguese,full,y4,Hand,false,Y_up
Portuguese,good,y0,Horizontal,false,Y_down
Portuguese,grass,y1,Torso,false,Y_up
Portuguese,green,y0,Torso,false,UNDEF
Portuguese,heavy,y4,Horizontal,true,Y_down
Portuguese,how,n4,Head,false,Z_back
Portuguese,husband,y1,Head,false,UNDEF
Portuguese,ice,y1,Head,false,Y_down
Portuguese,if,n4,Head,false,X_left
Portuguese,kill,y4,Vertical,true,X_left
Portuguese,laugh,y0,Head,false,Y_down
Portuguese,leaf,y1,Hand,false,Z_front
Portuguese,lie,n1,Head,false,Y_up
Portuguese,live,n2,Head,false,Z_front
Portuguese,long,n4,Hand,false,Z_front
Portuguese,look_for,n2,Head,false,Z_back
Portuguese,man,y1,Head,false,UNDEF
Portuguese,meat,n1,Hand,false,Z_back
Portuguese,moon,y4,Head,true,Z_front
Portuguese,mother,y4,Head,false,UNDEF
Portuguese,mountain,n4,Hand,false,X_right
Portuguese,name,n1,Head,false,Z_back
Portuguese,narrow,n4,Lateral,true,Z_front
Portuguese,new,y1,Lateral,true,Y_up
Portuguese,night,y4,Head,true,Y_down
Portuguese,not,n1,Vertical,false,X_left
Portuguese,old,n4,Head,false,Y_up
Portuguese,other,n1,Horizontal,false,Z_front
Portuguese,person,n1,Head,false,Z_back
Portuguese,pig,y4,Head,false,UNDEF
Portuguese,rain,y4,Horizontal,false,Y_down
Portuguese,red,y0,Head,false,Y_down
Portuguese,river,n1,Head,false,Z_front
Portuguese,salt,n4,Head,false,Z_back
Portuguese,sea,y0,Head,false,Z_back
Portuguese,sharp,y1,Hand,false,X_right
Portuguese,short,y4,Lateral,true,X_left
Portuguese,singing,y4,Hand,false,X_left
Portuguese,sister,n1,Head,false,Y_down
Portuguese,sit,n2,Hand,false,Y_down
Portuguese,smooth,n4,Hand,false,Z_front
Portuguese,snake,n2,Head,false,Z_front
Portuguese,snow,y4,Head,false,Y_down
Portuguese,stand,n2,Hand,false,Y_down
Portuguese,star,y1,Lateral,true,Y_up
Portuguese,stone,y1,Head,false,UNDEF
Portuguese,string,n1,Head,false,X_right
Portuguese,sun,y1,Lateral,false,X_left
Portuguese,tail,y4,Head,false,UNDEF
Portuguese,thin,n1,Vertical,false,Y_down
Portuguese,tree,y4,Head,false,Z_back
Portuguese,vomit,y4,Head,false,Y_up
Portuguese,warm,y4,Head,false,UNDEF
Portuguese,water,y0,Head,false,Z_back
Portuguese,wet,y0,Head,false,Z_back
Portuguese,what,n1,Horizontal,true,UNDEF
Portuguese,when,y4,Vertical,false,UNDEF
Portuguese,where,y0,Head,false,Z_back
Portuguese,white,y4,Head,false,UNDEF
Portuguese,who,y1,Head,false,Z_front
Portuguese,wide,y4,Lateral,true,X_right
Portuguese,wife,n1,Head,false,Y_down
Portuguese,wind,y4,Head,false,Z_back
Portuguese,with,y4,Horizontal,true,X_left
Portuguese,woman,n1,Head,false,Y_down
Portuguese,wood,y2,Vertical,false,UNDEF
Portuguese,work,n0,Hand,false,Y_down
Portuguese,worm,n1,Horizontal,false,Z_front
Portuguese,year,n1,Hand,false,Y_up
Portuguese,yellow,y1,Lateral,false,Y_down
Japanese,all,y4,Horizontal,false,Z_front
Japanese,animal,y4,Horizontal,true,UNDEF
Japanese,bad,y1,Head,false,Y_down
Japanese,because,y1,Vertical,true,Z_front
Japanese,bird,y1,Head,false,UNDEF
Japanese,black,y4,Head,false,X_right
Japanese,blood,n1,Arm,false,Z_front
Japanese,boring,y1,Head,false,Z_back
Japanese,brother,n1,Vertical,true,Y_up
Japanese,bug,n1,Horizontal,false,X_left
Japanese,cat,y4,Head,false,UNDEF
Japanese,child,y4,Horizontal,false,X_right
Japanese,correct,y1,Torso,false,Y_up
Japanese,count,n3,Lateral,true,X_right
Japanese,dance,n2,Hand,false,UNDEF
Japanese,day,n4,Head,false,X_right
Japanese,die,y4,Lateral,true,UNDEF
Japanese,dog,y4,Head,true,UNDEF
Japanese,dry,y4,Horizontal,true,Y_up
Japanese,earth,y4,Lateral,true,Z_front
Japanese,egg,y4,Lateral,true,UNDEF
Japanese,father,n1,Head,false,Z_back
Japanese,fire,y4,Horizontal,false,Y_up
Japanese,fish,y4,Horizontal,false,Z_front
Japanese,flower,y4,Lateral,true,Z_front
Japanese,good,n0,Head,false,Z_front
Japanese,grass,y4,Vertical,true,X_right
Japanese,grease,y4,Head,false,Y_down
Japanese,green,y4,Vertical,true,X_right
Japanese,how,n1,Vertical,false,X_right
Japanese,husband,y0,Horizontal,false,X_right
Japanese,ice,y4,Hand,false,Z_front
Japanese,if,y1,Head,false,Y_down
Japanese,kill,n0,Vertical,true,Z_front
Japanese,laugh,y4,Lateral,true,X_right
Japanese,leaf,y1,Lateral,true,Y_up
Japanese,lie,y1,Head,false,Z_back
Japanese,live,y1,Vertical,true,Y_up
Japanese,long,y1,Lateral,true,X_right
Japanese,look_for,y1,Head,false,Y_down
Japanese,man,y0,Lateral,true,Z_front
Japanese,meat,y1,Horizontal,true,Z_front
Japanese,moon,y1,Vertical,false,Y_down
Japanese,mother,n2,Head,false,Y_down
Japanese,mountain,y4,Horizontal,true,Y_up
Japanese,name,y0,Hand,false,X_left
Japanese,new,y4,Vertical,true,Z_front
Japanese,night,y4,Vertical,true,Y_down
Japanese,not,n4,Vertical,true,Z_front
Japanese,old,n1,Head,false,Y_down
Japanese,other,n4,Hand,false,Z_front
Japanese,person,n1,Vertical,false,Y_down
Japanese,pig,n2,Head,false,Z_back
Japanese,play,n0,Horizontal,true,Y_down
Japanese,rain,y4,Horizontal,true,Y_down
Japanese,red,n1,Head,false,X_right
Japanese,river,n3,Vertical,false,X_left
Japanese,salt,n1,Head,false,Z_back
Japanese,sea,n1,Head,false,Z_back
Japanese,short,y1,Lateral,true,X_left
Japanese,singing,n2,Vertical,true,X_right
Japanese,sister,n1,Vertical,false,Y_down
Japanese,sit,n2,Hand,false,Y_down
Japanese,smooth,n4,Head,false,Y_down
Japanese,snake,y0,Horizontal,false,Z_front
Japanese,snow,y1,Vertical,true,Y_down
Japanese,thin,y4,Lateral,true,Y_down
Japanese,tree,y1,Lateral,true,Y_up
Japanese,vomit,y4,Head,false,Z_front
Japanese,warm,y4,Torso,true,Y_up
Japanese,what,n1,Vertical,false,X_left
Japanese,when,y4,Vertical,true,UNDEF
Japanese,where,n1,Vertical,false,UNDEF
Japanese,white,y1,Head,false,UNDEF
Japanese,who,n4,Head,false,UNDEF
Japanese,wife,n1,Vertical,false,Z_front
Japanese,wind,y4,Vertical,true,Y_down
Japanese,with,n1,Lateral,true,X_left
Japanese,woman,n1,Lateral,true,Z_back
Japanese,work,n4,Lateral,true,X_left
Japanese,worm,n1,Horizontal,false,X_right
Japanese,year,n1,Hand,false,Z_back
Japanese,yellow,y1,Head,false,UNDEF
German,all,y4,Lateral,true,Y_down
German,animal,y4,Horizontal,true,Y_down
German,bad,y4,Vertical,false,UNDEF
German,because,n1,Vertical,false,UNDEF
German,bird,y4,Vertical,true,UNDEF
German,black,y4,Head,false,X_left
German,blood,y4,Hand,false,Y_down
German,brother,n1,Lateral,true,X_left
German,bug,n4,Horizontal,false,Z_front
German,cat,y1,Head,false,X_right
German,child,y4,Horizontal,false,Y_down
German,correct,n2,Horizontal,true,Y_down
German,count,n1,Hand,false,Y_down
German,dance,y1,Horizontal,true,Y_down
German,day,y4,Hand,false,Z_front
German,die,y4,Horizontal,false,UNDEF
German,dirty,y0,Head,false,X_left
German,dog,y4,Torso,true,UNDEF
German,dry,y4,Lateral,true,X_right
German,dust,y4,Vertical,true,Y_down
German,earth,y4,Lateral,true,Z_front
German,egg,y1,Horizontal,false,UNDEF
German,father,n2,Head,false,Y_up
German,feather,y1,Hand,false,X_right
German,fire,y4,Horizontal,false,Y_up
German,fish,y4,Horizontal,false,Z_front
German,flower,y4,Hand,false,Y_up
German,full,n4,Hand,false,Y_up
German,good,y1,Vertical,true,Z_front
German,grass,n1,Horizontal,true,Y_up
German,grease,y4,Horizontal,true,Z_front
German,green,n1,Horizontal,false,Y_up
German,heavy,n0,Horizontal,true,Y_up
German,how,y1,Lateral,true,X_right
German,husband,n1,Hand,false,X_left
German,ice,n0,Head,false,UNDEF
German,if,n1,Head,false,X_left
German,kill,y1,Vertical,false,Z_front
German,laugh,y1,Head,false,UNDEF
German,leaf,y1,Hand,false,Z_front
German,lie,n1,Head,false,UNDEF
German,live,y0,Vertical,true,UNDEF
German,long,y4,Hand,false,Z_front
German,look_for,n2,Head,false,Y_down
German,man,y4,Head,false,X_right
German,meat,y4,Horizontal,true,Z_front
German,moon,y1,Vertical,false,Y_down
German,mother,n1,Head,false,Z_front
German,mountain,y4,Horizontal,false,X_right
German,name,n1,Head,false,UNDEF
German,narrow,y4,Lateral,true,Z_front
German,new,y4,Horizontal,false,Y_up
German,night,y4,Vertical,true,X_left
German,not,n1,Vertical,true,X_right
German,old,y1,Head,false,Y_down
German,other,n1,Lateral,true,X_right
German,person,y1,Horizontal,false,Y_down
German,pig,y4,Head,false,Z_front
German,play,y1,Lateral,true,Y_down
German,rain,y4,Horizontal,true,Y_down
German,red,n1,Head,false,UNDEF
German,river,y4,Horizontal,true,Z_front
German,salt,y1,Horizontal,false,UNDEF
German,sea,y4,Horizontal,false,X_right
German,sharp,y4,Hand,false,Y_down
German,short,y4,Lateral,true,X_left
German,singing,n1,Vertical,true,X_right
German,sister,n1,Lateral,true,X_left
German,sit,n2,Lateral,true,Y_down
German,smooth,y4,Hand,false,Z_front
German,snake,y4,Horizontal,false,Z_front
German,snow,y4,Lateral,true,X_left
German,stand,n2,Hand,false,Y_down
German,star,n1,Vertical,true,X_right
German,stone,y4,Horizontal,false,X_left
German,string,y1,Hand,false,X_right
German,sun,y4,Head,false,Z_back
German,tail,y4,Hand,false,Y_up
German,thin,y4,Lateral,true,Y_down
German,tree,y4,Hand,false,X_left
German,vomit,y4,Head,false,Y_down
German,warm,y4,Head,false,X_right
German,water,y4,Head,false,Z_back
German,wet,y4,Vertical,true,UNDEF
German,what,y4,Horizontal,true,X_left
German,when,y4,Vertical,false,UNDEF
German,where,y4,Horizontal,true,Y_down
German,white,n1,Head,false,X_left
German,who,n2,Vertical,false,X_left
German,wide,n1,Vertical,false,Z_front
German,wife,n1,Hand,false,X_left
German,wind,y0,Lateral,true,X_left
German,with,y4,Lateral,false,X_left
German,woman,y1,Head,false,Z_back
German,wood,n2,Hand,false,Y_down
German,work,n0,Hand,false,Y_down
German,worm,n1,Vertical,false,Z_front
German,year,y1,Vertical,false,Y_up
German,yellow,y1,Lateral,false,UNDEF
French,all,n1,Lateral,true,X_right
French,animal,y4,Head,false,Y_down
French,bad,n2,Hand,false,X_left
French,because,y4,Hand,false,Y_down
French,bird,y1,Head,false,UNDEF
French,black,n2,Head,false,X_right
French,blood,n1,Head,false,Y_down
French,boring,y4,Head,false,UNDEF
French,brother,y1,Lateral,false,X_left
French,bug,y1,Lateral,true,X_left
French,cat,y2,Head,true,X_right
French,child,y4,Horizontal,false,Y_down
French,correct,n1,Hand,false,Y_down
French,count,n1,Vertical,true,Y_down
French,dance,n2,Hand,false,UNDEF
French,day,n1,Head,false,Z_front
French,die,n2,Hand,false,UNDEF
French,dirty,y4,Head,false,Y_down
French,dog,y4,Torso,false,UNDEF
French,dry,n0,Vertical,false,UNDEF
French,dust,y4,Horizontal,true,X_right
French,earth,y1,Hand,false,UNDEF
French,egg,n2,Hand,false,UNDEF
French,father,y1,Head,false,UNDEF
French,feather,y1,Hand,false,X_right
French,fire,y4,Horizontal,true,Y_up
French,fish,n4,Horizontal,false,Z_front
French,flower,y4,Head,false,UNDEF
French,full,y4,Hand,false,X_left
French,good,y4,Head,false,Z_front
French,grease,y4,Hand,false,Z_front
French,green,n2,Vertical,false,Z_front
French,heavy,y4,Horizontal,true,Y_down
French,how,y4,Lateral,true,UNDEF
French,husband,y1,Hand,false,X_left
French,ice,y4,Head,false,Y_down
French,if,n1,Head,false,Z_back
French,kill,n1,Hand,false,UNDEF
French,laugh,y1,Head,true,X_left
French,leaf,y1,Hand,false,Z_front
French,lie,n1,Head,false,X_left
French,live,n2,Hand,true,UNDEF
French,long,y4,Arm,false,Y_down
French,man,y1,Head,false,X_right
French,meat,y1,Horizontal,true,Z_front
French,moon,y1,Head,true,Z_back
French,mother,n4,Hand,false,Y_up
French,mountain,n4,Horizontal,true,Y_up
French,name,n2,Hand,false,UNDEF
French,narrow,y4,Lateral,true,X_left
French,new,y4,Hand,false,Y_up
French,night,y4,Vertical,true,Y_down
French,not,n1,Vertical,false,X_right
French,old,n0,Head,false,Z_back
French,other,y4,Head,false,UNDEF
French,person,y1,Horizontal,false,Y_down
French,pig,y4,Head,false,Z_back
French,play,y4,Lateral,true,X_left
French,rain,y4,Horizontal,true,UNDEF
French,red,n1,Head,false,UNDEF
French,river,n2,Horizontal,true,Z_front
French,salt,y1,Horizontal,false,UNDEF
French,sea,y4,Horizontal,true,Z_front
French,sharp,n1,Lateral,true,Y_up
French,short,n1,Lateral,true,X_left
French,sister,n0,Lateral,true,X_left
French,sit,y1,Horizontal,true,Y_down
French,smooth,y4,Lateral,true,UNDEF
French,snake,n2,Head,false,Z_front
French,snow,y4,Horizontal,true,Y_down
French,star,n2,Vertical,true,Y_down
French,stone,y0,Head,false,UNDEF
French,string,y4,Hand,false,X_right
French,sun,y4,Head,false,UNDEF
French,tail,n1,Horizontal,false,UNDEF
French,thin,n1,Head,false,Y_down
French,tree,y4,Hand,false,UNDEF
French,vomit,y4,Head,false,Y_down
French,warm,y4,Head,false,UNDEF
French,water,n1,Lateral,false,UNDEF
French,wet,y4,Horizontal,true,UNDEF
French,what,y4,Horizontal,true,X_left
French,when,n1,Hand,false,X_left
French,where,y4,Horizontal,false,X_left
French,white,y4,Hand,false,Z_front
French,who,n1,Vertical,false,X_left
French,wide,y4,Lateral,true,X_right
French,wind,n2,Lateral,true,X_left
French,with,y0,Lateral,true,X_left
French,woman,n1,Head,false,Y_down
French,wood,n4,Hand,false,Z_front
French,work,n0,Hand,false,Y_down
French,worm,n1,Hand,false,X_left
French,year,y0,Hand,false,Y_down
French,yellow,y1,Head,false,Z_back
Turkish,all,y4,Horizontal,false,X_right
Turkish,animal,y4,Head,true,X_right
Turkish,bad,n1,Vertical,false,Z_front
Turkish,because,n1,Head,false,UNDEF
Turkish,bird,y4,Horizontal,true,UNDEF
Turkish,black,y4,Head,false,Y_down
Turkish,blood,y0,Head,false,Z_back
Turkish,boring,y0,Torso,false,Z_back
Turkish,brother,y1,Head,false,X_right
Turkish,cat,y4,Hand,false,Z_back
Turkish,child,y4,Horizontal,false,X_right
Turkish,correct,n4,Hand,false,Z_front
Turkish,count,y4,Hand,false,Y_down
Turkish,dance,y4,Lateral,true,Y_down
Turkish,die,n2,Horizontal,false,UNDEF
Turkish,dirty,n1,Vertical,false,Z_front
Turkish,dog,y4,Hand,false,UNDEF
Turkish,dry,y4,Hand,false,Y_down
Turkish,dust,y4,Horizontal,true,X_right
Turkish,earth,n2,Lateral,true,Z_front
Turkish,egg,y4,Lateral,true,X_left
Turkish,father,y0,Head,false,Z_back
Turkish,feather,y1,Arm,false,Y_up
Turkish,fire,n4,Head,false,Y_down
Turkish,fish,n2,Hand,false,UNDEF
Turkish,flower,y4,Head,false,Z_front
Turkish,full,n4,Hand,false,Y_up
Turkish,good,y4,Vertical,false,Z_front
Turkish,grass,y4,Horizontal,true,Y_up
Turkish,grease,y4,Hand,false,Y_down
Turkish,green,y0,Hand,false,Z_back
Turkish,heavy,y4,Horizontal,true,Y_down
Turkish,how,y4,Hand,false,Y_down
Turkish,husband,y0,Hand,false,X_left
Turkish,ice,n0,Lateral,true,UNDEF
Turkish,if,y4,Horizontal,true,UNDEF
Turkish,kill,n2,Horizontal,false,UNDEF
Turkish,laugh,n2,Head,false,X_left
Turkish,leaf,n0,Hand,false,Z_back
Turkish,lie,n4,Head,false,Y_down
Turkish,live,n4,Hand,false,Y_up
Turkish,long,y0,Vertical,true,Z_front
Turkish,man,y0,Head,false,Z_back
Turkish,meat,n4,Hand,false,X_right
Turkish,moon,y1,Lateral,false,X_left
Turkish,mother,y1,Vertical,false,Z_front
Turkish,mountain,y4,Hand,false,Y_up
Turkish,name,y1,Hand,false,X_left
Turkish,narrow,y4,Lateral,true,X_left
Turkish,night,y4,Vertical,true,X_left
Turkish,not,n4,Horizontal,true,Y_up
Turkish,old,y4,Head,false,UNDEF
Turkish,other,y4,Horizontal,false,UNDEF
Turkish,pig,y4,Head,false,Y_down
Turkish,play,n0,Hand,false,Y_down
Turkish,rain,y4,Horizontal,true,Y_down
Turkish,red,n1,Head,false,Z_back
Turkish,river,y0,Head,false,Z_back
Turkish,salt,y2,Horizontal,false,Z_back
Turkish,sea,y4,Horizontal,false,X_right
Turkish,sharp,n1,Hand,false,X_left
Turkish,short,y1,Vertical,false,Y_down
Turkish,singing,n2,Head,false,X_left
Turkish,sister,n2,Head,false,Z_back
Turkish,sit,y2,Horizontal,true,UNDEF
Turkish,smooth,y4,Hand,false,Z_front
Turkish,snake,n1,Horizontal,false,Z_front
Turkish,snow,n4,Horizontal,true,Y_down
Turkish,stand,y4,Vertical,true,Z_front
Turkish,star,n2,Vertical,true,Y_up
Turkish,stone,n0,Hand,false,Y_down
Turkish,string,y1,Lateral,true,X_right
Turkish,sun,y1,Head,false,X_right
Turkish,tail,n4,Torso,false,UNDEF
Turkish,thin,y2,Head,false,Z_back
Turkish,vomit,y4,Vertical,false,Z_front
Turkish,warm,y1,Head,false,X_right
Turkish,water,y0,Head,false,Z_back
Turkish,wet,y0,Head,false,Z_back
Turkish,what,y4,Horizontal,true,Y_up
Turkish,when,y4,Horizontal,true,Y_down
Turkish,where,y1,Lateral,true,X_left
Turkish,white,y1,Head,false,UNDEF
Turkish,who,n2,Head,false,Z_back
Turkish,wide,y1,Horizontal,true,Y_down
Turkish,wife,n2,Head,false,Z_back
Turkish,wind,y4,Lateral,true,X_left
Turkish,with,y0,Lateral,true,X_left
Turkish,woman,n2,Head,false,Z_back
Turkish,wood,y1,Hand,false,Y_down
Turkish,work,y1,Horizontal,true,Y_down
Turkish,worm,n1,Horizontal,true,Z_front
Turkish,year,n1,Head,false,Z_back
Turkish,yellow,n1,Head,false,Z_back
Russian,all,y4,Vertical,false,X_left
Russian,animal,n4,Hand,true,UNDEF
Russian,bad,n1,Vertical,false,Z_front
Russian,because,n1,Horizontal,false,UNDEF
Russian,bird,y1,Head,false,UNDEF
Russian,black,y4,Head,false,Z_back
Russian,blood,n1,Head,false,Z_back
Russian,boring,y2,Head,false,UNDEF
Russian,brother,n1,Head,false,Z_back
Russian,bug,n4,Arm,false,X_left
Russian,cat,y1,Head,false,Z_back
Russian,child,n2,Vertical,false,UNDEF
Russian,correct,y1,Horizontal,true,Y_down
Russian,count,y4,Lateral,true,Y_down
Russian,dance,n2,Vertical,true,UNDEF
Russian,day,y4,Horizontal,true,Y_down
Russian,die,n2,Hand,false,UNDEF
Russian,dirty,y4,Horizontal,true,Y_down
Russian,dog,y4,Head,false,UNDEF
Russian,dry,y0,Hand,false,Y_down
Russian,dust,y1,Hand,false,Z_front
Russian,earth,y4,Hand,false,UNDEF
Russian,egg,y1,Head,false,UNDEF
Russian,father,n4,Head,false,Y_down
Russian,feather,y1,Hand,false,X_right
Russian,fire,n3,Horizontal,true,X_left
Russian,fish,y4,Head,false,UNDEF
Russian,flower,y4,Head,false,UNDEF
Russian,full,y4,Hand,false,Z_front
Russian,good,y4,Head,false,Z_back
Russian,grass,y4,Lateral,true,Y_up
Russian,green,n1,Head,false,Z_back
Russian,heavy,y4,Hand,false,X_right
Russian,husband,y1,Hand,false,X_left
Russian,ice,n2,Vertical,false,UNDEF
Russian,if,y4,Horizontal,true,Y_down
Russian,kill,n0,Hand,false,X_left
Russian,laugh,n2,Head,false,Z_back
Russian,leaf,y1,Hand,false,Y_down
Russian,lie,n2,Hand,false,X_left
Russian,live,n4,Hand,false,Z_back
Russian,long,n1,Lateral,true,X_right
Russian,look_for,n2,Vertical,true,Y_down
Russian,man,n0,Head,false,Y_down
Russian,meat,y4,Head,false,X_left
Russian,moon,y1,Vertical,false,Y_down
Russian,mother,n4,Head,false,X_right
Russian,mountain,n4,Horizontal,false,Y_down
Russian,name,n1,Hand,false,Y_up
Russian,narrow,y4,Lateral,true,X_left
Russian,new,y4,Hand,false,Y_up
Russian,night,y4,Vertical,true,Y_down
Russian,not,y4,Head,false,X_right
Russian,old,y0,Head,false,Y_down
Russian,other,n1,Lateral,true,UNDEF
Russian,person,y1,Horizontal,false,Y_down
Russian,pig,y4,Head,false,Z_back
Russian,play,y4,Horizontal,true,Y_up
Russian,rain,y4,Horizontal,true,UNDEF
Russian,red,n1,Head,false,UNDEF
Russian,river,y1,Horizontal,false,Z_front
Russian,salt,y4,Head,false,UNDEF
Russian,sea,y4,Horizontal,true,Z_front
Russian,sharp,y0,Hand,false,X_right
Russian,short,n1,Lateral,true,X_left
Russian,singing,y4,Horizontal,true,Y_down
Russian,sister,n1,Head,false,Y_down
Russian,sit,y1,Horizontal,true,Y_down
Russian,smooth,n4,Hand,false,Z_front
Russian,snake,n1,Vertical,false,UNDEF
Russian,snow,y4,Vertical,true,Y_down
Russian,stand,y0,Vertical,true,Y_down
Russian,star,n2,Lateral,true,X_right
Russian,stone,y0,Horizontal,true,Z_back
Russian,string,n1,Lateral,true,X_right
Russian,sun,y4,Lateral,false,X_left
Russian,tail,n1,Hand,false,UNDEF
Russian,thin,n1,Vertical,false,Y_down
Russian,tree,y4,Hand,false,UNDEF
Russian,vomit,n0,Torso,false,Y_up
Russian,warm,y4,Head,false,Z_back
Russian,water,n4,Head,false,UNDEF
Russian,wet,y4,Horizontal,true,UNDEF
Russian,what,n1,Vertical,false,UNDEF
Russian,when,y2,Head,false,UNDEF
Russian,where,y1,Vertical,false,UNDEF
Russian,white,y1,Hand,false,UNDEF
Russian,who,n2,Vertical,false,UNDEF
Russian,wide,y4,Lateral,true,X_right
Russian,wife,y1,Hand,false,X_left
Russian,wind,y4,Lateral,true,X_left
Russian,with,y1,Hand,false,X_left
Russian,woman,n4,Head,false,Z_back
Russian,wood,n4,Arm,false,Z_back
Russian,work,n2,Torso,false,UNDEF
Russian,worm,n1,Horizontal,false,X_left
Russian,year,y0,Head,false,Y_down
Russian,yellow,y1,Vertical,true,UNDEF
AmericanEnglish,all,y4,Hand,false,UNDEF
AmericanEnglish,animal,n4,Hand,true,UNDEF
AmericanEnglish,bad,y4,Head,false,Y_down
AmericanEnglish,because,n1,Head,false,X_right
AmericanEnglish,bird,y1,Head,false,UNDEF
AmericanEnglish,black,n1,Head,false,UNDEF
AmericanEnglish,blood,n1,Hand,false,Z_back
AmericanEnglish,boring,n1,Head,false,Z_front
AmericanEnglish,brother,y1,Head,false,Y_down
AmericanEnglish,bug,y2,Head,false,UNDEF
AmericanEnglish,cat,y1,Head,false,X_right
AmericanEnglish,child,n4,Horizontal,false,Y_down
AmericanEnglish,correct,n1,Hand,false,Y_down
AmericanEnglish,count,y1,Hand,false,Y_up
AmericanEnglish,dance,n2,Hand,false,UNDEF
AmericanEnglish,day,n1,Hand,false,Y_down
AmericanEnglish,die,y4,Horizontal,true,UNDEF
AmericanEnglish,dirty,n4,Head,false,UNDEF
AmericanEnglish,dog,y4,Hand,false,Z_back
AmericanEnglish,dry,n1,Head,false,X_right
AmericanEnglish,earth,y1,Arm,false,X_left
AmericanEnglish,egg,n2,Horizontal,true,UNDEF
AmericanEnglish,father,y4,Head,false,Z_back
AmericanEnglish,feather,y1,Hand,false,Y_up
AmericanEnglish,fire,y4,Vertical,true,Y_up
AmericanEnglish,fish,y4,Horizontal,false,Z_front
AmericanEnglish,flower,y4,Head,false,X_left
AmericanEnglish,full,y4,Hand,false,X_left
AmericanEnglish,good,y4,Head,false,Y_down
AmericanEnglish,grass,y4,Head,false,Y_up
AmericanEnglish,grease,y4,Horizontal,true,UNDEF
AmericanEnglish,green,y1,Lateral,false,UNDEF
AmericanEnglish,heavy,y4,Horizontal,true,Y_down
AmericanEnglish,how,y0,Horizontal,true,UNDEF
AmericanEnglish,husband,n4,Head,false,Z_back
AmericanEnglish,ice,y4,Horizontal,true,Z_back
AmericanEnglish,if,n1,Head,false,Z_back
AmericanEnglish,kill,n1,Hand,false,Z_front
AmericanEnglish,laugh,y1,Head,false,UNDEF
AmericanEnglish,leaf,y4,Hand,false,UNDEF
AmericanEnglish,lie,y4,Head,false,X_left
AmericanEnglish,live,y0,Torso,true,Y_up
AmericanEnglish,look_for,y4,Head,false,X_left
AmericanEnglish,man,y4,Head,false,Y_down
AmericanEnglish,meat,y1,Horizontal,true,Z_front
AmericanEnglish,moon,y1,Head,false,Y_up
AmericanEnglish,mother,y4,Head,false,Z_back
AmericanEnglish,mountain,y0,Hand,false,Y_down
AmericanEnglish,name,n2,Hand,false,Y_down
AmericanEnglish,narrow,n4,Lateral,true,Z_front
AmericanEnglish,new,y4,Hand,false,Y_down
AmericanEnglish,night,n4,Arm,false,Y_down
AmericanEnglish,not,y0,Head,false,Y_down
AmericanEnglish,old,y4,Head,false,Y_down
AmericanEnglish,other,y0,Horizontal,false,X_right
AmericanEnglish,person,n2,Horizontal,true,Y_down
AmericanEnglish,pig,y4,Head,false,UNDEF
AmericanEnglish,play,y1,Lateral,true,UNDEF
AmericanEnglish,rain,y4,Horizontal,true,UNDEF
AmericanEnglish,red,n1,Head,false,UNDEF
AmericanEnglish,river,n3,Head,false,Z_back
AmericanEnglish,salt,n2,Hand,false,UNDEF
AmericanEnglish,sea,y4,Horizontal,true,Z_front
AmericanEnglish,sharp,y1,Hand,false,UNDEF
AmericanEnglish,short,n2,Hand,false,UNDEF
AmericanEnglish,singing,y4,Arm,false,UNDEF
AmericanEnglish,sister,y1,Hand,false,Y_down
AmericanEnglish,sit,n2,Hand,false,Y_down
AmericanEnglish,smooth,y4,Lateral,true,X_left
AmericanEnglish,snake,n2,Head,false,Z_front
AmericanEnglish,snow,y4,Vertical,true,Y_down
AmericanEnglish,stand,n2,Hand,false,Y_down
AmericanEnglish,star,n1,Vertical,true,Y_up
AmericanEnglish,stone,y0,Hand,false,Y_down
AmericanEnglish,string,n1,Lateral,true,X_right
AmericanEnglish,sun,y4,Vertical,false,UNDEF
AmericanEnglish,tail,n1,Hand,false,UNDEF
AmericanEnglish,thin,n1,Hand,false,Y_down
AmericanEnglish,vomit,y4,Head,true,Y_down
AmericanEnglish,warm,n4,Head,false,Z_front
AmericanEnglish,water,n3,Head,false,Z_back
AmericanEnglish,wet,y4,Head,false,Z_back
AmericanEnglish,what,y4,Horizontal,true,X_left
AmericanEnglish,when,n1,Hand,false,UNDEF
AmericanEnglish,where,n1,Vertical,false,X_left
AmericanEnglish,white,y4,Torso,false,Z_front
AmericanEnglish,who,y1,Head,false,UNDEF
AmericanEnglish,wide,y4,Lateral,true,X_right
AmericanEnglish,wife,n4,Hand,false,Y_down
AmericanEnglish,wind,y4,Lateral,true,X_left
AmericanEnglish,with,y0,Lateral,true,X_left
AmericanEnglish,woman,y4,Head,false,Y_down
AmericanEnglish,wood,n4,Hand,false,Z_front
AmericanEnglish,work,n0,Hand,false,Y_down
AmericanEnglish,worm,n1,Hand,false,Z_front
AmericanEnglish,year,n0,Hand,false,Y_up
AmericanEnglish,yellow,y1,Lateral,false,UNDEF
Brazilian,animal,y4,Head,false,Z_front
Brazilian,bird,y1,Head,false,UNDEF
Brazilian,black,y1,Head,false,UNDEF
Brazilian,blood,n1,Head,false,UNDEF
Brazilian,boring,y4,Hand,false,Y_down
Brazilian,brother,y4,Head,false,Y_down
Brazilian,cat,y1,Head,false,Z_back
Brazilian,child,y4,Horizontal,true,UNDEF
Brazilian,dirty,n1,Hand,false,UNDEF
Brazilian,dog,y4,Head,false,Z_back
Brazilian,dry,y4,Horizontal,false,Y_down
Brazilian,dust,y0,Lateral,true,Y_down
Brazilian,earth,y4,Horizontal,true,X_right
Brazilian,egg,y4,Lateral,true,UNDEF
Brazilian,father,y4,Head,false,Y_down
Brazilian,feather,y1,Head,false,UNDEF
Brazilian,fire,y4,Horizontal,true,Y_up
Brazilian,fish,y1,Head,false,UNDEF
Brazilian,flower,y1,Head,false,Z_front
Brazilian,good,y4,Head,false,Z_front
Brazilian,grease,y1,Hand,false,X_right
Brazilian,green,y4,Vertical,true,Y_down
Brazilian,how,y4,Horizontal,true,UNDEF
Brazilian,husband,y4,Head,false,Y_down
Brazilian,ice,y1,Head,false,Z_front
Brazilian,live,y4,Torso,false,Y_up
Brazilian,man,y4,Head,false,Y_down
Brazilian,meat,y1,Horizontal,true,Y_up
Brazilian,moon,y1,Lateral,true,Y_up
Brazilian,mother,y0,Head,false,Y_down
Brazilian,not,n1,Vertical,false,X_left
Brazilian,old,n0,Head,false,UNDEF
Brazilian,person,n2,Head,false,X_right
Brazilian,pig,y4,Head,false,UNDEF
Brazilian,play,y1,Lateral,true,Y_down
Brazilian,rain,y4,Head,false,Z_back
Brazilian,red,y4,Hand,false,X_left
Brazilian,river,y1,Head,false,UNDEF
Brazilian,sea,y1,Head,false,UNDEF
Brazilian,sister,y0,Head,false,Y_down
Brazilian,snake,n2,Head,false,UNDEF
Brazilian,snow,y4,Vertical,true,Y_down
Brazilian,star,y1,Lateral,true,Y_down
Brazilian,stone,n2,Hand,false,Y_down
Brazilian,string,n2,Lateral,true,X_right
Brazilian,sun,n0,Lateral,false,X_left
Brazilian,tail,y1,Hand,false,Y_up
Brazilian,tree,y4,Hand,false,Z_front
Brazilian,vomit,y4,Head,false,Y_down
Brazilian,water,y1,Head,false,UNDEF
Brazilian,white,n1,Head,false,UNDEF
Brazilian,wife,y4,Lateral,true,X_left
Brazilian,wind,n2,Lateral,true,X_left
Brazilian,woman,y0,Head,false,Y_down
Brazilian,wood,n4,Hand,false,UNDEF
Brazilian,work,y1,Horizontal,true,UNDEF
Brazilian,worm,y1,Torso,true,X_left
Brazilian,year,n0,Hand,false,Y_up
Brazilian,yellow,y1,Head,false,UNDEF
Italian,all,y4,Lateral,false,X_left
Italian,animal,y4,Horizontal,true,Y_down
Italian,bad,n2,Head,false,Y_down
Italian,because,y1,Horizontal,false,UNDEF
Italian,bird,y1,Head,false,UNDEF
Italian,black,n2,Head,false,X_left
Italian,blood,y1,Head,false,Y_down
Italian,boring,n4,Head,false,Y_down
Italian,brother,n2,Lateral,true,X_right
Italian,bug,y4,Vertical,true,Z_front
Italian,cat,y4,Hand,false,Z_front
Italian,child,n1,Head,false,Z_back
Italian,count,y0,Horizontal,false,UNDEF
Italian,dance,y4,Torso,true,X_right
Italian,day,n1,Hand,false,Z_front
Italian,die,n2,Vertical,false,Z_front
Italian,dirty,y4,Horizontal,true,Y_down
Italian,dog,n4,Hand,false,UNDEF
Italian,dry,y4,Horizontal,true,Z_back
Italian,dust,y4,Lateral,true,UNDEF
Italian,earth,y4,Horizontal,true,X_left
Italian,egg,y4,Lateral,true,X_right
Italian,father,y1,Head,false,X_left
Italian,fire,y4,Horizontal,true,Y_up
Italian,fish,y2,Horizontal,false,X_right
Italian,flower,y1,Head,false,UNDEF
Italian,full,y4,Hand,false,X_left
Italian,good,y4,Head,false,Y_down
Italian,grass,n4,Vertical,true,Z_front
Italian,green,y4,Hand,false,UNDEF
Italian,heavy,y4,Horizontal,true,Y_down
Italian,how,y4,Horizontal,true,X_right
Italian,husband,y1,Horizontal,false,Y_down
Italian,ice,y4,Vertical,true,X_left
Italian,if,y1,Head,false,Z_back
Italian,kill,n1,Vertical,true,Z_front
Italian,laugh,n4,Head,true,X_right
Italian,leaf,y1,Hand,false,X_right
Italian,lie,n1,Head,false,Z_back
Italian,live,n2,Hand,true,Y_down
Italian,long,n1,Lateral,true,X_left
Italian,look_for,n2,Vertical,true,Y_down
Italian,man,n4,Head,false,Z_back
Italian,meat,n2,Head,false,Z_back
Italian,moon,y1,Head,false,Z_back
Italian,mother,y1,Horizontal,false,Y_down
Italian,mountain,y4,Vertical,false,Y_up
Italian,name,n2,Head,false,X_left
Italian,narrow,y4,Hand,false,Z_front
Italian,new,n4,Hand,false,Y_up
Italian,night,y4,Vertical,true,Y_down
Italian,not,y4,Vertical,false,UNDEF
Italian,other,y4,Vertical,false,Y_down
Italian,person,y1,Horizontal,false,Y_down
Italian,pig,n1,Hand,false,Z_back
Italian,play,y4,Horizontal,true,Y_down
Italian,rain,y4,Horizontal,true,UNDEF
Italian,red,n1,Head,false,Z_front
Italian,river,n4,Horizontal,true,Z_front
Italian,salt,y1,Horizontal,false,Z_back
Italian,sea,y4,Horizontal,true,Z_front
Italian,short,n1,Lateral,true,X_right
Italian,singing,n0,Head,false,Y_down
Italian,sister,y0,Hand,false,Z_front
Italian,sit,n2,Horizontal,false,Y_down
Italian,smooth,y4,Hand,false,X_left
Italian,snake,n1,Horizontal,false,Z_front
Italian,snow,y4,Horizontal,true,Y_down
Italian,stand,n2,Lateral,true,Y_down
Italian,star,y1,Vertical,true,Y_up
Italian,stone,y0,Hand,false,Y_down
Italian,string,n1,Vertical,true,Y_down
Italian,sun,y1,Head,true,Z_back
Italian,thin,n1,Vertical,false,Y_down
Italian,tree,y1,Lateral,true,Y_up
Italian,vomit,n4,Head,false,Y_down
Italian,warm,n4,Head,false,Z_back
Italian,water,y4,Head,false,Y_down
Italian,wet,y4,Head,false,Y_down
Italian,what,y4,Horizontal,true,X_right
Italian,when,n1,Lateral,true,Y_down
Italian,where,n2,Horizontal,false,UNDEF
Italian,white,y4,Head,false,Y_up
Italian,who,y1,Head,false,UNDEF
Italian,wide,y1,Lateral,true,X_left
Italian,wife,y1,Hand,false,X_right
Italian,wind,y2,Lateral,true,X_right
Italian,with,y1,Vertical,false,Z_front
Italian,woman,y4,Head,false,UNDEF
Italian,wood,y0,Arm,false,Z_back
Italian,work,n0,Hand,false,Y_down
Italian,worm,n1,Horizontal,false,X_right
Italian,year,y0,Hand,false,X_left
Italian,yellow,n1,Head,false,Z_back
Polish,animal,n4,Hand,true,Y_down
Polish,bad,y1,Head,false,UNDEF
Polish,because,y4,Vertical,false,UNDEF
Polish,bird,y4,Vertical,true,UNDEF
Polish,black,y4,Head,false,Y_down
Polish,blood,y1,Arm,false,Y_down
Polish,boring,n1,Hand,false,Z_back
Polish,brother,n1,Head,false,Z_front
Polish,bug,n1,Hand,false,X_left
Polish,cat,y1,Head,true,X_right
Polish,child,y1,Horizontal,false,Y_down
Polish,correct,y1,Vertical,true,Z_front
Polish,count,y4,Vertical,true,Y_down
Polish,dance,n2,Hand,false,UNDEF
Polish,die,n4,Hand,false,Z_front
Polish,dirty,y4,Hand,false,Z_front
Polish,dog,n4,Hand,false,Z_back
Polish,dry,y1,Lateral,true,X_left
Polish,dust,n2,Horizontal,true,Y_up
Polish,earth,y4,Horizontal,true,Z_front
Polish,egg,y1,Lateral,true,UNDEF
Polish,father,n2,Head,false,Y_down
Polish,fire,y4,Horizontal,true,Y_up
Polish,fish,n2,Horizontal,false,UNDEF
Polish,flower,y4,Head,false,UNDEF
Polish,good,y1,Head,false,Z_front
Polish,grass,y0,Head,false,Y_down
Polish,grease,y1,Horizontal,false,UNDEF
Polish,green,y0,Head,false,Y_down
Polish,heavy,n0,Horizontal,true,Y_down
Polish,how,n1,Vertical,false,UNDEF
Polish,husband,n1,Head,false,Z_back
Polish,ice,n1,Head,false,UNDEF
Polish,if,n1,Lateral,true,Y_down
Polish,kill,y1,Hand,false,Y_down
Polish,laugh,y4,Head,true,UNDEF
Polish,leaf,y1,Hand,false,X_right
Polish,lie,y1,Head,false,UNDEF
Polish,live,y4,Hand,true,Z_back
Polish,long,n1,Hand,false,Y_down
Polish,look_for,n2,Head,true,Y_down
Polish,man,n1,Head,false,Z_front
Polish,meat,y1,Hand,false,X_left
Polish,moon,y4,Head,false,X_right
Polish,mother,n2,Head,false,Z_back
Polish,mountain,n4,Vertical,true,Y_down
Polish,name,y1,Arm,false,UNDEF
Polish,narrow,y1,Horizontal,true,Y_up
Polish,new,n4,Hand,false,Y_up
Polish,night,n4,Head,false,Y_down
Polish,not,y4,Vertical,false,UNDEF
Polish,old,n0,Head,false,UNDEF
Polish,other,y1,Lateral,true,UNDEF
Polish,person,n1,Hand,true,Y_down
Polish,pig,y1,Head,false,Y_down
Polish,play,y0,Lateral,true,X_left
Polish,rain,y4,Horizontal,true,Y_down
Polish,red,n1,Head,false,X_right
Polish,river,y4,Horizontal,true,Z_front
Polish,salt,y4,Horizontal,false,Z_front
Polish,sea,y4,Head,false,UNDEF
Polish,sharp,n1,Hand,false,X_right
Polish,short,n1,Horizontal,true,X_right
Polish,singing,y1,Head,true,Z_front
Polish,sister,y1,Head,false,Z_back
Polish,sit,y1,Horizontal,true,Y_down
Polish,smooth,y4,Hand,false,X_right
Polish,snake,n2,Head,false,Z_back
Polish,snow,y4,Lateral,true,X_right
Polish,stand,y4,Lateral,true,Y_down
Polish,star,n0,Horizontal,true,Y_down
Polish,stone,n0,Hand,false,Y_down
Polish,string,y1,Lateral,true,X_right
Polish,sun,n2,Hand,false,Y_down
Polish,tail,n1,Hand,false,Y_down
Polish,thin,y1,Head,true,Y_down
Polish,tree,n4,Arm,false,Z_back
Polish,vomit,n2,Head,true,Y_down
Polish,warm,n4,Head,false,Y_down
Polish,water,y4,Hand,false,X_left
Polish,wet,y4,Horizontal,false,UNDEF
Polish,what,y1,Horizontal,false,UNDEF
Polish,when,n2,Vertical,false,Z_back
Polish,where,y4,Horizontal,true,X_left
Polish,white,n4,Hand,false,UNDEF
Polish,who,y2,Lateral,false,UNDEF
Polish,wide,y4,Lateral,true,X_right
Polish,wife,y1,Head,false,Z_back
Polish,wind,n4,Lateral,true,Z_front
Polish,with,y4,Lateral,true,UNDEF
Polish,woman,y1,Head,false,Z_back
Polish,wood,n4,Arm,false,Z_back
Polish,work,n0,Hand,false,Y_down
Polish,worm,n1,Arm,false,X_left
Polish,year,y0,Vertical,true,Z_front
Polish,yellow,y1,Lateral,false,UNDEF
Icelandic,all,y4,Lateral,true,X_left
Icelandic,animal,y2,Horizontal,true,Z_front
Icelandic,bad,y4,Head,false,Y_down
Icelandic,because,y4,Torso,false,UNDEF
Icelandic,bird,y1,Head,false,UNDEF
Icelandic,black,y4,Head,false,Y_down
Icelandic,blood,n4,Head,false,X_right
Icelandic,boring,y4,Vertical,true,Y_down
Icelandic,brother,n1,Lateral,true,X_left
Icelandic,bug,n2,Vertical,false,X_left
Icelandic,cat,y1,Head,false,X_right
Icelandic,child,y4,Horizontal,true,X_left
Icelandic,correct,y4,Hand,false,Y_down
Icelandic,count,n1,Hand,false,Y_down
Icelandic,dance,n4,Vertical,true,Z_front
Icelandic,day,y4,Torso,true,Y_up
Icelandic,dirty,n0,Head,false,Y_down
Icelandic,dog,n4,Head,false,Y_down
Icelandic,dry,y4,Hand,false,Z_back
Icelandic,dust,y4,Horizontal,false,X_left
Icelandic,earth,n4,Lateral,true,Y_down
Icelandic,egg,n2,Hand,false,UNDEF
Icelandic,father,n1,Head,false,Y_down
Icelandic,feather,y1,Hand,false,Y_up
Icelandic,fire,y4,Horizontal,true,Y_up
Icelandic,fish,y4,Horizontal,false,X_left
Icelandic,flower,y4,Hand,false,Y_up
Icelandic,full,y4,Hand,false,X_left
Icelandic,good,n4,Head,false,Y_down
Icelandic,grass,y4,Vertical,false,Z_front
Icelandic,grease,y4,Hand,false,X_right
Icelandic,green,y4,Hand,false,X_left
Icelandic,heavy,n0,Horizontal,true,Y_down
Icelandic,how,n1,Hand,false,Z_front
Icelandic,husband,y4,Hand,false,Y_down
Icelandic,ice,y4,Head,false,UNDEF
Icelandic,if,n1,Head,false,Z_front
Icelandic,laugh,y1,Head,false,Y_up
Icelandic,leaf,y1,Hand,false,X_right
Icelandic,lie,n1,Head,false,UNDEF
Icelandic,live,y1,Head,false,Z_back
Icelandic,long,y4,Arm,false,X_right
Icelandic,look_for,n2,Head,true,X_left
Icelandic,man,y4,Head,false,Z_front
Icelandic,meat,y1,Vertical,true,Z_front
Icelandic,moon,y1,Vertical,false,Y_down
Icelandic,mother,n1,Head,false,X_right
Icelandic,mountain,y4,Lateral,true,Y_down
Icelandic,name,n2,Hand,false,X_right
Icelandic,narrow,y4,Hand,false,UNDEF
Icelandic,new,y1,Head,false,Y_up
Icelandic,night,y4,Head,true,Y_down
Icelandic,not,y0,Vertical,false,UNDEF
Icelandic,old,n1,Head,false,Y_down
Icelandic,person,y4,Head,false,UNDEF
Icelandic,pig,y4,Head,false,Y_up
Icelandic,play,y0,Lateral,true,Z_front
Icelandic,rain,y4,Horizontal,true,UNDEF
Icelandic,red,n1,Head,false,X_right
Icelandic,river,y1,Hand,false,Z_front
Icelandic,salt,y4,Head,false,UNDEF
Icelandic,sea,y4,Horizontal,true,X_right
Icelandic,short,n1,Lateral,true,X_left
Icelandic,sister,n1,Lateral,true,X_left
Icelandic,smooth,y4,Lateral,true,X_right
Icelandic,snake,n0,Head,false,Z_front
Icelandic,snow,y4,Vertical,true,Y_down
Icelandic,stand,y4,Horizontal,true,Y_down
Icelandic,star,y4,Vertical,false,Z_front
Icelandic,stone,y4,Hand,false,UNDEF
Icelandic,string,y4,Lateral,true,X_right
Icelandic,sun,n1,Vertical,false,UNDEF
Icelandic,thin,y1,Hand,false,Z_front
Icelandic,tree,y4,Hand,false,UNDEF
Icelandic,vomit,n1,Head,false,Y_down
Icelandic,warm,y4,Head,false,Y_down
Icelandic,water,y4,Hand,false,UNDEF
Icelandic,wet,n1,Hand,false,Z_back
Icelandic,what,n1,Vertical,false,UNDEF
Icelandic,when,y4,Head,false,UNDEF
Icelandic,where,y4,Horizontal,true,X_left
Icelandic,white,n4,Hand,false,Y_down
Icelandic,who,n1,Vertical,false,UNDEF
Icelandic,wide,y1,Lateral,true,X_left
Icelandic,wife,y1,Hand,false,Y_down
Icelandic,wind,n4,Head,false,X_left
Icelandic,with,n4,Torso,false,Z_back
Icelandic,woman,n4,Hand,false,Y_down
Icelandic,wood,y1,Lateral,true,X_right
Icelandic,work,n0,Hand,false,Y_down
Icelandic,worm,n1,Horizontal,false,X_left
Icelandic,year,y0,Horizontal,false,Y_down
Icelandic,yellow,y1,Hand,false,UNDEF
Austrian,all,y4,Horizontal,false,X_right
Austrian,animal,n1,Head,false,Y_down
Austrian,bad,y4,Vertical,false,UNDEF
Austrian,because,n1,Head,false,Y_down
Austrian,bird,y1,Head,false,UNDEF
Austrian,black,y4,Head,false,Y_down
Austrian,blood,y4,Head,false,Y_down
Austrian,boring,y0,Head,false,X_left
Austrian,brother,n1,Hand,false,Z_front
Austrian,cat,y1,Head,true,X_right
Austrian,child,y4,Horizontal,false,Y_down
Austrian,correct,n2,Hand,false,Y_down
Austrian,count,y0,Vertical,true,Y_down
Austrian,dance,y1,Horizontal,true,Z_front
Austrian,day,y1,Vertical,false,Y_up
Austrian,dirty,y4,Hand,false,Z_back
Austrian,dog,y4,Head,false,UNDEF
Austrian,dry,y4,Lateral,true,X_right
Austrian,dust,y4,Horizontal,false,X_right
Austrian,earth,y4,Lateral,true,Y_down
Austrian,egg,y1,Head,false,Z_back
Austrian,father,n2,Head,false,Y_up
Austrian,feather,y1,Hand,false,UNDEF
Austrian,fire,y4,Horizontal,true,Y_up
Austrian,fish,y4,Horizontal,false,Z_front
Austrian,flower,y4,Head,false,UNDEF
Austrian,full,n2,Horizontal,true,X_right
Austrian,good,y1,Vertical,false,Z_front
Austrian,grass,n4,Lateral,true,Y_up
Austrian,grease,y4,Lateral,true,X_right
Austrian,green,y0,Head,false,Y_down
Austrian,heavy,n0,Horizontal,true,Y_up
Austrian,how,y1,Lateral,true,X_right
Austrian,husband,y4,Horizontal,true,Y_down
Austrian,ice,n1,Hand,false,X_right
Austrian,if,n2,Hand,false,Y_down
Austrian,laugh,y4,Hand,true,Z_back
Austrian,leaf,n1,Vertical,true,Y_down
Austrian,lie,n1,Head,false,X_left
Austrian,live,y1,Torso,true,Y_up
Austrian,long,y4,Lateral,true,X_right
Austrian,look_for,n2,Vertical,true,Y_up
Austrian,man,n4,Head,false,Y_down
Austrian,meat,y4,Hand,false,Y_up
Austrian,moon,y1,Vertical,false,Y_down
Austrian,mother,n2,Head,false,X_left
Austrian,mountain,y4,Hand,false,X_right
Austrian,name,n2,Hand,false,X_right
Austrian,narrow,y0,Lateral,true,X_left
Austrian,new,y4,Hand,false,Y_up
Austrian,night,n2,Head,false,X_right
Austrian,not,n1,Vertical,false,UNDEF
Austrian,old,y1,Head,false,Y_down
Austrian,person,y1,Horizontal,false,Y_down
Austrian,pig,n1,Head,false,UNDEF
Austrian,play,y4,Horizontal,false,Y_up
Austrian,rain,y4,Horizontal,false,Y_down
Austrian,red,n1,Head,false,X_left
Austrian,river,y4,Horizontal,true,Z_front
Austrian,salt,y1,Horizontal,false,Z_front
Austrian,sea,y4,Hand,false,Z_front
Austrian,short,n2,Lateral,true,X_left
Austrian,sister,n1,Hand,false,Z_front
Austrian,smooth,y1,Hand,false,X_right
Austrian,snake,n1,Horizontal,false,Z_front
Austrian,snow,y4,Vertical,true,Y_down
Austrian,stand,y4,Vertical,true,X_right
Austrian,star,n1,Vertical,true,Y_down
Austrian,stone,n0,Hand,false,Y_down
Austrian,string,y1,Lateral,true,X_right
Austrian,sun,n0,Lateral,false,X_left
Austrian,tail,y4,Hand,false,Y_up
Austrian,thin,n1,Vertical,false,Y_down
Austrian,tree,n0,Vertical,true,Y_down
Austrian,vomit,y4,Head,false,Y_down
Austrian,warm,y4,Head,false,Y_down
Austrian,water,y1,Lateral,false,X_left
Austrian,wet,y4,Hand,false,UNDEF
Austrian,what,y4,Horizontal,true,X_left
Austrian,when,n1,Vertical,false,UNDEF
Austrian,where,y4,Horizontal,true,X_left
Austrian,white,y0,Hand,false,Y_down
Austrian,who,n2,Head,false,Z_back
Austrian,wide,y4,Lateral,true,X_right
Austrian,wife,y4,Lateral,true,X_left
Austrian,wind,n2,Vertical,false,Z_back
Austrian,with,y4,Lateral,false,X_left
Austrian,woman,y1,Head,false,UNDEF
Austrian,wood,y4,Hand,false,UNDEF
Austrian,work,n0,Hand,false,Y_down
Austrian,worm,n1,Horizontal,false,X_left
Austrian,year,y1,Horizontal,true,Y_down
Austrian,yellow,y1,Lateral,false,UNDEF
Estonian,all,y4,Horizontal,false,X_left
Estonian,animal,y1,Head,false,X_left
Estonian,bad,n1,Vertical,false,UNDEF
Estonian,because,n2,Hand,false,Y_up
Estonian,bird,y4,Vertical,true,UNDEF
Estonian,black,n1,Head,false,Y_up
Estonian,blood,y4,Head,false,Y_down
Estonian,boring,y0,Head,false,UNDEF
Estonian,brother,y0,Head,false,Z_back
Estonian,bug,n4,Hand,false,Y_down
Estonian,cat,n4,Head,true,X_left
Estonian,child,y4,Horizontal,false,Y_down
Estonian,correct,n1,Lateral,true,X_left
Estonian,count,n1,Vertical,false,Z_front
Estonian,dance,n1,Lateral,true,UNDEF
Estonian,day,y4,Vertical,true,X_left
Estonian,die,n2,Horizontal,false,UNDEF
Estonian,dirty,n1,Head,false,Z_back
Estonian,dog,n4,Hand,false,X_right
Estonian,dry,n0,Hand,false,UNDEF
Estonian,dust,n1,Hand,false,X_left
Estonian,earth,n4,Lateral,true,Y_down
Estonian,egg,n4,Lateral,true,Y_up
Estonian,father,n1,Head,false,X_left
Estonian,feather,y1,Hand,false,Y_up
Estonian,fire,n2,Lateral,true,Y_up
Estonian,fish,y4,Horizontal,true,UNDEF
Estonian,flower,n0,Hand,false,UNDEF
Estonian,full,y4,Hand,false,Z_front
Estonian,good,y4,Lateral,true,X_left
Estonian,grass,n4,Lateral,true,Y_up
Estonian,grease,y4,Hand,false,Z_back
Estonian,green,y4,Head,true,X_right
Estonian,heavy,n0,Horizontal,true,Y_down
Estonian,how,n4,Horizontal,true,Y_down
Estonian,husband,y1,Hand,false,UNDEF
Estonian,ice,n4,Vertical,true,Z_front
Estonian,if,y4,Horizontal,true,UNDEF
Estonian,kill,n0,Hand,false,Y_down
Estonian,laugh,n2,Head,false,Z_back
Estonian,leaf,y1,Hand,false,X_right
Estonian,lie,y1,Head,false,UNDEF
Estonian,live,n4,Hand,false,Y_up
Estonian,long,y4,Horizontal,false,UNDEF
Estonian,look_for,n2,Vertical,true,Y_down
Estonian,man,y1,Head,false,X_right
Estonian,meat,n1,Hand,false,Z_back
Estonian,moon,y1,Vertical,false,Y_down
Estonian,mother,y4,Head,false,Y_down
Estonian,mountain,y4,Horizontal,false,Y_down
Estonian,name,n1,Head,false,Z_front
Estonian,narrow,y0,Lateral,true,X_left
Estonian,new,n4,Hand,false,Y_up
Estonian,night,y4,Lateral,true,Y_down
Estonian,not,n4,Horizontal,false,X_left
Estonian,old,y0,Head,false,Y_down
Estonian,other,n1,Hand,false,Y_down
Estonian,person,y1,Horizontal,false,Y_down
Estonian,pig,n1,Head,false,X_left
Estonian,play,n4,Head,true,UNDEF
Estonian,rain,y4,Horizontal,true,UNDEF
Estonian,red,y0,Head,false,Z_front
Estonian,river,y1,Horizontal,false,X_left
Estonian,salt,n4,Head,false,Y_down
Estonian,sea,y4,Horizontal,true,Z_front
Estonian,sharp,y1,Lateral,true,X_left
Estonian,short,n1,Lateral,true,X_left
Estonian,singing,n1,Lateral,true,UNDEF
Estonian,sister,n4,Head,false,Z_back
Estonian,sit,n2,Hand,false,UNDEF
Estonian,smooth,n4,Hand,false,Z_front
Estonian,snake,n2,Head,false,Z_front
Estonian,snow,y4,Vertical,true,Y_down
Estonian,stand,y4,Hand,false,Z_back
Estonian,star,n2,Hand,false,Z_front
Estonian,stone,y1,Head,false,UNDEF
Estonian,string,y1,Hand,false,X_right
Estonian,sun,n1,Lateral,false,X_right
Estonian,tail,n1,Vertical,false,UNDEF
Estonian,thin,y4,Vertical,false,Z_front
Estonian,tree,n4,Arm,false,Z_back
Estonian,vomit,n4,Head,true,Z_front
Estonian,warm,n4,Head,false,Z_back
Estonian,water,y4,Head,false,UNDEF
Estonian,wet,y4,Lateral,true,X_right
Estonian,what,n1,Vertical,false,UNDEF
Estonian,when,y4,Vertical,true,UNDEF
Estonian,where,y4,Horizontal,true,X_left
Estonian,white,y4,Hand,false,UNDEF
Estonian,who,n2,Vertical,false,UNDEF
Estonian,wide,y4,Lateral,true,X_right
Estonian,wife,y0,Head,false,Y_down
Estonian,wind,y4,Horizontal,false,UNDEF
Estonian,with,y4,Hand,false,Z_back
Estonian,woman,y0,Head,false,Y_down
Estonian,wood,y4,Arm,false,Z_back
Estonian,work,n0,Hand,false,Y_down
Estonian,worm,y1,Lateral,false,Z_front
Estonian,year,y0,Head,false,UNDEF
Estonian,yellow,n1,Lateral,true,Y_down
Latvian,all,y4,Lateral,false,X_left
Latvian,animal,y4,Horizontal,true,X_left
Latvian,bad,n1,Vertical,false,Z_front
Latvian,because,n1,Hand,false,UNDEF
Latvian,bird,y1,Head,false,UNDEF
Latvian,black,n1,Head,false,X_left
Latvian,blood,n1,Hand,false,Z_back
Latvian,boring,y2,Head,false,Y_down
Latvian,brother,y4,Head,false,Z_back
Latvian,bug,n4,Hand,false,X_left
Latvian,cat,n4,Head,true,X_right
Latvian,child,n2,Lateral,false,UNDEF
Latvian,correct,y1,Head,false,Y_down
Latvian,count,n1,Horizontal,true,Y_down
Latvian,dance,n2,Lateral,true,X_right
Latvian,day,y4,Horizontal,true,Y_down
Latvian,die,n2,Hand,false,Y_down
Latvian,dirty,n4,Head,false,UNDEF
Latvian,dog,y4,Hand,false,UNDEF
Latvian,dry,y0,Lateral,true,Y_down
Latvian,dust,y4,Hand,false,Z_back
Latvian,earth,y1,Hand,false,Z_front
Latvian,egg,y1,Vertical,false,Y_up
Latvian,father,n1,Head,false,X_right
Latvian,feather,y4,Hand,false,X_right
Latvian,fire,y4,Horizontal,true,Y_up
Latvian,fish,y4,Horizontal,false,X_left
Latvian,flower,y4,Head,false,UNDEF
Latvian,full,n4,Hand,false,Z_front
Latvian,good,y4,Head,false,Z_front
Latvian,grass,y4,Hand,false,Y_up
Latvian,grease,y1,Hand,false,UNDEF
Latvian,green,y0,Head,false,Y_down
Latvian,heavy,y0,Horizontal,true,Y_up
Latvian,how,n2,Vertical,false,UNDEF
Latvian,husband,y1,Hand,false,UNDEF
Latvian,ice,y4,Vertical,true,Z_front
Latvian,kill,n0,Hand,false,UNDEF
Latvian,laugh,n2,Head,false,UNDEF
Latvian,leaf,n1,Vertical,true,Y_down
Latvian,lie,n1,Head,false,Y_up
Latvian,live,y4,Torso,false,Z_back
Latvian,long,n1,Lateral,true,X_right
Latvian,look_for,n2,Vertical,true,Y_down
Latvian,man,y1,Head,false,X_right
Latvian,meat,n1,Head,false,X_right
Latvian,moon,y1,Vertical,false,Y_down
Latvian,mother,n4,Head,false,X_right
Latvian,mountain,y4,Horizontal,false,Y_down
Latvian,name,n4,Head,false,Z_back
Latvian,narrow,n4,Lateral,true,X_left
Latvian,new,y4,Hand,false,Y_up
Latvian,night,y4,Head,true,Y_down
Latvian,not,y4,Head,false,X_right
Latvian,old,n2,Head,false,Y_down
Latvian,other,y2,Horizontal,false,UNDEF
Latvian,person,y1,Horizontal,false,Y_down
Latvian,pig,y0,Head,false,Y_down
Latvian,play,y1,Horizontal,true,UNDEF
Latvian,rain,y1,Horizontal,true,UNDEF
Latvian,red,n1,Head,false,UNDEF
Latvian,river,y1,Horizontal,false,Z_front
Latvian,salt,y1,Horizontal,false,Z_back
Latvian,sea,y4,Horizontal,true,Z_front
Latvian,sharp,n2,Lateral,true,Y_down
Latvian,short,n1,Lateral,true,X_right
Latvian,singing,y4,Lateral,true,X_left
Latvian,sister,n1,Lateral,true,Z_front
Latvian,sit,y1,Horizontal,true,Y_down
Latvian,smooth,y4,Hand,false,Z_front
Latvian,snake,n2,Horizontal,false,Z_front
Latvian,snow,y4,Vertical,true,Y_down
Latvian,stand,y1,Lateral,true,X_right
Latvian,star,n0,Vertical,false,Z_front
Latvian,stone,y0,Horizontal,true,Y_down
Latvian,string,y1,Vertical,true,X_right
Latvian,sun,n1,Vertical,false,UNDEF
Latvian,tail,n1,Hand,false,UNDEF
Latvian,thin,n1,Vertical,false,Y_down
Latvian,tree,n4,Arm,false,Z_back
Latvian,vomit,n2,Head,false,Y_down
Latvian,warm,y4,Head,false,X_right
Latvian,water,y4,Head,false,UNDEF
Latvian,wet,y1,Horizontal,true,UNDEF
Latvian,what,n2,Vertical,false,UNDEF
Latvian,when,y4,Vertical,false,Y_down
Latvian,where,y4,Horizontal,true,X_right
Latvian,white,n4,Head,false,Y_down
Latvian,who,n2,Vertical,false,UNDEF
Latvian,wide,y4,Lateral,true,Y_up
Latvian,wife,y1,Hand,false,UNDEF
Latvian,wind,y4,Vertical,false,Z_back
Latvian,with,y4,Lateral,false,X_left
Latvian,woman,n4,Head,false,Z_back
Latvian,wood,n4,Arm,false,Z_back
Latvian,work,n0,Hand,false,Y_down
Latvian,worm,n1,Horizontal,false,X_left
Latvian,year,y4,Vertical,false,Y_up
Latvian,yellow,n1,Lateral,true,UNDEF
Ukrainian,all,y4,Horizontal,true,Z_back
Ukrainian,animal,n4,Torso,true,X_right
Ukrainian,bad,y1,Head,false,Y_down
Ukrainian,because,n4,Hand,false,UNDEF
Ukrainian,bird,y1,Head,false,UNDEF
Ukrainian,black,n2,Head,false,UNDEF
Ukrainian,blood,y4,Head,false,UNDEF
Ukrainian,boring,y4,Head,false,UNDEF
Ukrainian,brother,n1,Head,false,Z_back
Ukrainian,cat,y4,Hand,false,X_right
Ukrainian,child,n2,Vertical,false,UNDEF
Ukrainian,correct,y1,Vertical,true,Z_front
Ukrainian,count,y4,Lateral,true,UNDEF
Ukrainian,dance,n2,Horizontal,true,UNDEF
Ukrainian,day,y4,Horizontal,true,Y_down
Ukrainian,die,n2,Torso,false,Z_back
Ukrainian,dirty,y4,Lateral,true,X_left
Ukrainian,dog,y4,Head,false,Z_back
Ukrainian,dry,y0,Horizontal,true,X_left
Ukrainian,dust,n1,Torso,false,X_right
Ukrainian,earth,y4,Hand,false,X_right
Ukrainian,egg,y1,Head,false,Z_back
Ukrainian,father,n4,Head,false,Y_down
Ukrainian,feather,y1,Hand,false,X_right
Ukrainian,fire,n3,Horizontal,true,Y_up
Ukrainian,fish,y4,Hand,false,X_left
Ukrainian,flower,y4,Head,false,UNDEF
Ukrainian,full,y4,Hand,false,Z_front
Ukrainian,good,n4,Hand,false,Z_back
Ukrainian,grass,y4,Lateral,true,Y_up
Ukrainian,grease,y4,Hand,false,Z_back
Ukrainian,green,n1,Head,false,Z_back
Ukrainian,heavy,n0,Horizontal,true,Y_down
Ukrainian,how,n2,Vertical,true,Z_front
Ukrainian,husband,n4,Head,false,Z_back
Ukrainian,ice,n2,Vertical,false,UNDEF
Ukrainian,if,y4,Horizontal,true,Y_down
Ukrainian,kill,y0,Hand,false,Y_down
Ukrainian,laugh,n2,Head,false,UNDEF
Ukrainian,leaf,y1,Hand,false,X_right
Ukrainian,lie,n1,Vertical,true,X_right
Ukrainian,live,n4,Hand,true,X_left
Ukrainian,long,n1,Hand,false,Z_front
Ukrainian,look_for,n2,Vertical,true,Y_down
Ukrainian,man,n4,Head,false,Z_back
Ukrainian,meat,y4,Head,false,X_right
Ukrainian,moon,y0,Head,false,Y_down
Ukrainian,mother,y4,Head,false,X_left
Ukrainian,mountain,n4,Horizontal,true,Y_down
Ukrainian,name,n1,Hand,false,UNDEF
Ukrainian,narrow,n1,Lateral,true,X_left
Ukrainian,new,y4,Hand,false,Y_up
Ukrainian,night,y4,Head,false,Y_down
Ukrainian,not,y4,Vertical,false,UNDEF
Ukrainian,old,y0,Head,false,Y_down
Ukrainian,other,n1,Hand,false,UNDEF
Ukrainian,person,n1,Head,false,UNDEF
Ukrainian,pig,y4,Head,false,Z_back
Ukrainian,play,n2,Horizontal,true,Y_up
Ukrainian,rain,y1,Horizontal,true,UNDEF
Ukrainian,red,y1,Head,false,UNDEF
Ukrainian,river,n4,Head,false,Z_back
Ukrainian,salt,y4,Horizontal,false,UNDEF
Ukrainian,sea,y4,Horizontal,true,UNDEF
Ukrainian,sharp,n1,Hand,false,Y_up
Ukrainian,short,n1,Lateral,true,X_left
Ukrainian,singing,n1,Head,true,Z_back
Ukrainian,sister,n1,Head,false,Z_back
Ukrainian,sit,y1,Horizontal,true,Y_down
Ukrainian,smooth,y4,Hand,false,Z_front
Ukrainian,snake,n2,Head,false,Y_down
Ukrainian,snow,y4,Vertical,true,Y_down
Ukrainian,stand,n1,Vertical,true,X_right
Ukrainian,star,n1,Vertical,true,Y_down
Ukrainian,stone,y0,Lateral,true,UNDEF
Ukrainian,string,y1,Vertical,true,X_left
Ukrainian,sun,n0,Lateral,false,X_left
Ukrainian,tail,n1,Vertical,false,UNDEF
Ukrainian,thin,y1,Vertical,true,Z_back
Ukrainian,tree,n4,Arm,false,Z_back
Ukrainian,vomit,n3,Head,true,Y_down
Ukrainian,warm,n4,Head,false,Z_front
Ukrainian,water,n4,Head,false,UNDEF
Ukrainian,wet,y4,Horizontal,true,UNDEF
Ukrainian,what,n1,Vertical,true,UNDEF
Ukrainian,when,y4,Head,false,Y_down
Ukrainian,where,y1,Horizontal,false,UNDEF
Ukrainian,white,y1,Torso,false,Z_back
Ukrainian,who,n2,Vertical,false,UNDEF
Ukrainian,wide,y4,Lateral,true,X_right
Ukrainian,wife,y1,Hand,false,X_left
Ukrainian,wind,y4,Lateral,true,X_left
Ukrainian,with,y1,Lateral,false,X_left
Ukrainian,woman,n4,Head,false,Y_down
Ukrainian,wood,n4,Arm,false,Z_back
Ukrainian,work,y2,Hand,false,Y_down
Ukrainian,worm,n1,Horizontal,false,X_left
Ukrainian,year,y0,Lateral,true,Y_down
Ukrainian,yellow,y1,Vertical,false,Z_front
Chinese,all,n0,Hand,false,UNDEF
Chinese,animal,n0,Horizontal,true,Z_back
Chinese,bad,n1,Vertical,false,Z_front
Chinese,because,y1,Vertical,false,Z_front
Chinese,bird,y1,Head,false,UNDEF
Chinese,black,n1,Head,false,Y_down
Chinese,blood,y4,Head,false,Z_back
Chinese,boring,y1,Head,false,Z_back
Chinese,brother,n1,Head,false,Z_back
Chinese,bug,n4,Head,false,Y_down
Chinese,cat,y1,Head,true,X_right
Chinese,child,n4,Horizontal,false,X_right
Chinese,correct,n4,Vertical,false,UNDEF
Chinese,count,n4,Lateral,true,X_left
Chinese,dance,y1,Horizontal,true,Y_down
Chinese,day,y4,Hand,false,Y_down
Chinese,die,y1,Vertical,false,Y_down
Chinese,dog,y4,Horizontal,true,Y_down
Chinese,dust,n2,Head,false,Y_down
Chinese,earth,n1,Horizontal,false,Y_down
Chinese,egg,y2,Lateral,true,UNDEF
Chinese,father,y0,Head,false,Z_back
Chinese,feather,n4,Hand,false,X_right
Chinese,fire,y4,Vertical,true,Y_up
Chinese,fish,n4,Horizontal,false,UNDEF
Chinese,flower,y4,Horizontal,false,UNDEF
Chinese,full,n4,Head,false,Y_up
Chinese,good,y0,Vertical,false,Z_front
Chinese,grass,y4,Lateral,true,Y_up
Chinese,grease,y0,Head,false,Z_back
Chinese,green,y4,Hand,false,Y_up
Chinese,heavy,y4,Horizontal,true,Y_down
Chinese,how,y4,Horizontal,true,UNDEF
Chinese,husband,y0,Lateral,true,UNDEF
Chinese,ice,y4,Vertical,true,X_left
Chinese,if,n4,Head,true,Y_down
Chinese,kill,y4,Hand,false,X_right
Chinese,laugh,y1,Head,false,Y_down
Chinese,leaf,y4,Hand,false,Y_up
Chinese,lie,y4,Head,false,UNDEF
Chinese,live,n1,Vertical,false,Y_up
Chinese,long,y1,Hand,false,X_right
Chinese,look_for,n2,Vertical,false,X_right
Chinese,man,y4,Head,false,UNDEF
Chinese,meat,y0,Horizontal,true,Y_down
Chinese,moon,y1,Vertical,true,Y_down
Chinese,mother,n1,Head,false,Z_back
Chinese,mountain,y2,Vertical,false,Z_front
Chinese,name,n1,Hand,false,Y_down
Chinese,narrow,y4,Lateral,true,X_left
Chinese,new,y0,Hand,false,X_right
Chinese,night,y4,Head,false,Y_down
Chinese,not,n4,Vertical,false,UNDEF
Chinese,old,y4,Head,false,Y_down
Chinese,other,n1,Horizontal,false,X_right
Chinese,pig,y4,Head,false,UNDEF
Chinese,play,n4,Vertical,true,Y_up
Chinese,rain,y4,Horizontal,true,Y_down
Chinese,red,n2,Head,false,Z_back
Chinese,river,y4,Horizontal,true,Z_front
Chinese,salt,y1,Hand,false,Y_down
Chinese,sea,y4,Horizontal,true,X_right
Chinese,sharp,y1,Hand,false,X_right
Chinese,short,n4,Lateral,true,X_right
Chinese,singing,y1,Hand,false,Z_front
Chinese,sister,n1,Head,false,Z_back
Chinese,sit,y1,Hand,false,Y_down
Chinese,smooth,y4,Hand,false,Z_front
Chinese,snake,n2,Head,false,UNDEF
Chinese,snow,y4,Horizontal,true,Y_down
Chinese,stand,n2,Hand,false,Y_down
Chinese,star,y1,Vertical,false,X_right
Chinese,stone,n2,Hand,false,UNDEF
Chinese,string,y1,Lateral,true,X_right
Chinese,sun,y1,Vertical,true,X_right
Chinese,tail,n1,Hand,false,UNDEF
Chinese,thin,y4,Head,false,Y_down
Chinese,tree,y1,Lateral,true,Y_up
Chinese,vomit,n4,Head,false,Z_front
Chinese,warm,y4,Horizontal,true,Y_up
Chinese,water,n1,Head,false,Z_back
Chinese,wet,n2,Vertical,false,Z_front
Chinese,what,n1,Vertical,false,UNDEF
Chinese,when,y1,Vertical,false,UNDEF
Chinese,where,y1,Horizontal,false,X_right
Chinese,white,y4,Hand,false,Z_front
Chinese,who,n1,Vertical,false,UNDEF
Chinese,wide,y4,Lateral,true,X_right
Chinese,wife,y0,Lateral,true,UNDEF
Chinese,wind,n4,Lateral,true,X_left
Chinese,with,n4,Lateral,true,X_left
Chinese,woman,y1,Head,false,Z_back
Chinese,wood,y1,Horizontal,true,Z_front
Chinese,work,n0,Hand,false,Y_down
Chinese,worm,n1,Horizontal,false,X_left
Chinese,year,n1,Hand,false,Y_down
Chinese,yellow,n2,Head,false,Y_down
Hongkong,all,y4,Lateral,true,Y_down
Hongkong,animal,y4,Horizontal,true,Z_back
Hongkong,bad,n1,Vertical,false,Z_front
Hongkong,because,y4,Hand,false,UNDEF
Hongkong,bird,y1,Head,false,UNDEF
Hongkong,black,n1,Head,false,Y_down
Hongkong,blood,n1,Head,false,Y_down
Hongkong,boring,y4,Torso,false,Y_down
Hongkong,bug,n1,Horizontal,false,Z_front
Hongkong,cat,y4,Head,true,X_right
Hongkong,child,y4,Horizontal,false,X_right
Hongkong,correct,n2,Vertical,false,UNDEF
Hongkong,dance,n2,Hand,false,UNDEF
Hongkong,die,y4,Vertical,true,Y_down
Hongkong,dirty,y1,Vertical,false,UNDEF
Hongkong,dog,y4,Horizontal,true,Y_down
Hongkong,dry,y4,Hand,false,Z_front
Hongkong,earth,y4,Vertical,false,UNDEF
Hongkong,egg,y1,Horizontal,true,UNDEF
Hongkong,father,y0,Head,false,Z_back
Hongkong,feather,y4,Hand,false,X_right
Hongkong,fire,y4,Horizontal,true,Y_up
Hongkong,fish,y4,Hand,false,UNDEF
Hongkong,flower,y4,Horizontal,false,UNDEF
Hongkong,full,y4,Torso,false,Z_back
Hongkong,good,y0,Vertical,false,Z_front
Hongkong,grass,n2,Vertical,true,UNDEF
Hongkong,green,n2,Vertical,false,UNDEF
Hongkong,heavy,y4,Horizontal,true,Y_down
Hongkong,how,y4,Horizontal,true,UNDEF
Hongkong,husband,y0,Lateral,true,UNDEF
Hongkong,if,n4,Head,false,UNDEF
Hongkong,leaf,y4,Hand,false,Y_up
Hongkong,lie,n4,Head,false,UNDEF
Hongkong,live,n4,Lateral,true,Y_up
Hongkong,long,n1,Lateral,true,X_right
Hongkong,look_for,n2,Head,false,Y_down
Hongkong,man,y4,Head,false,UNDEF
Hongkong,moon,y1,Vertical,true,Y_down
Hongkong,mother,n1,Head,false,Z_back
Hongkong,mountain,n4,Horizontal,false,X_right
Hongkong,name,n1,Hand,false,UNDEF
Hongkong,narrow,y4,Lateral,true,X_left
Hongkong,new,y1,Head,false,Z_front
Hongkong,night,y4,Head,false,Y_down
Hongkong,not,y4,Vertical,false,X_right
Hongkong,old,y0,Head,false,Y_down
Hongkong,other,n1,Horizontal,false,UNDEF
Hongkong,pig,y4,Head,false,Z_back
Hongkong,play,y4,Hand,true,Z_back
Hongkong,rain,y4,Horizontal,true,Y_down
Hongkong,red,n1,Head,false,Y_down
Hongkong,river,n3,Vertical,false,Y_down
Hongkong,salt,y4,Head,false,UNDEF
Hongkong,sea,y4,Horizontal,true,X_right
Hongkong,sharp,n1,Vertical,true,X_left
Hongkong,short,n1,Lateral,true,X_left
Hongkong,singing,n0,Head,false,X_left
Hongkong,sister,n1,Head,false,Z_back
Hongkong,sit,y1,Hand,false,Y_down
Hongkong,snake,n2,Head,false,UNDEF
Hongkong,snow,n4,Head,false,Z_back
Hongkong,stand,y1,Hand,false,Y_down
Hongkong,star,y1,Vertical,true,Y_down
Hongkong,stone,n2,Head,false,Z_back
Hongkong,sun,y4,Head,false,Z_back
Hongkong,thin,y4,Head,false,Y_down
Hongkong,tree,y1,Lateral,true,Y_up
Hongkong,vomit,y4,Head,false,Z_front
Hongkong,warm,y4,Hand,true,UNDEF
Hongkong,water,n3,Vertical,false,Y_down
Hongkong,wet,y4,Vertical,false,X_right
Hongkong,what,n1,Vertical,false,UNDEF
Hongkong,where,y1,Hand,false,Y_down
Hongkong,white,y4,Vertical,false,UNDEF
Hongkong,who,n1,Head,false,Y_down
Hongkong,wide,n0,Vertical,true,X_right
Hongkong,wife,y0,Lateral,true,UNDEF
Hongkong,wind,n4,Lateral,false,X_left
Hongkong,woman,y1,Head,false,Z_back
Hongkong,wood,n1,Hand,false,X_right
Hongkong,work,n0,Hand,false,Y_down
Hongkong,year,y4,Hand,false,Y_down
Hongkong,yellow,y4,Horizontal,false,UNDEF
Taiwan,all,y4,Lateral,true,Y_down
Taiwan,animal,n0,Horizontal,true,Z_front
Taiwan,bad,n0,Head,false,X_left
Taiwan,because,y1,Horizontal,true,Y_down
Taiwan,bird,y1,Head,true,UNDEF
Taiwan,black,y4,Head,false,Y_down
Taiwan,blood,y0,Hand,false,Y_down
Taiwan,boring,y4,Torso,false,Y_down
Taiwan,bug,n1,Horizontal,false,X_left
Taiwan,cat,y1,Head,true,Y_down
Taiwan,child,y4,Vertical,true,UNDEF
Taiwan,correct,n1,Hand,false,Y_down
Taiwan,count,y4,Hand,false,UNDEF
Taiwan,dance,y4,Vertical,true,UNDEF
Taiwan,day,n1,Head,false,Z_back
Taiwan,die,y4,Hand,false,UNDEF
Taiwan,dirty,n1,Head,false,Y_up
Taiwan,dog,y4,Head,true,UNDEF
Taiwan,dry,y4,Hand,false,Y_down
Taiwan,earth,y4,Lateral,true,UNDEF
Taiwan,egg,y4,Lateral,true,UNDEF
Taiwan,father,y1,Head,false,Z_front
Taiwan,fire,y4,Horizontal,true,Y_up
Taiwan,fish,y4,Horizontal,false,X_left
Taiwan,flower,y4,Horizontal,false,Y_up
Taiwan,full,y4,Hand,false,X_right
Taiwan,good,n0,Head,false,Z_back
Taiwan,grass,y4,Vertical,false,X_right
Taiwan,green,n1,Head,false,UNDEF
Taiwan,heavy,y4,Horizontal,true,Y_down
Taiwan,how,n1,Vertical,false,UNDEF
Taiwan,husband,n1,Lateral,true,X_left
Taiwan,ice,n1,Head,false,X_left
Taiwan,if,n4,Head,false,Y_down
Taiwan,kill,y4,Hand,false,Z_front
Taiwan,laugh,y1,Head,false,Z_back
Taiwan,leaf,n1,Hand,false,UNDEF
Taiwan,lie,y1,Head,false,UNDEF
Taiwan,live,n0,Head,true,Z_back
Taiwan,long,y1,Lateral,true,X_right
Taiwan,look_for,y1,Head,false,Y_down
Taiwan,man,y0,Lateral,false,X_left
Taiwan,meat,y1,Hand,false,Y_down
Taiwan,moon,y1,Vertical,false,Y_down
Taiwan,mother,n2,Head,false,Z_back
Taiwan,mountain,y4,Horizontal,false,X_right
Taiwan,name,y0,Hand,false,X_left
Taiwan,narrow,y4,Lateral,true,X_left
Taiwan,new,y4,Vertical,false,Y_down
Taiwan,night,y4,Vertical,true,Y_down
Taiwan,not,y4,Vertical,false,X_right
Taiwan,old,y4,Head,false,Y_down
Taiwan,other,n4,Hand,false,X_right
Taiwan,pig,y1,Head,false,Z_back
Taiwan,play,n1,Vertical,true,UNDEF
Taiwan,rain,y4,Horizontal,true,Y_down
Taiwan,red,n1,Head,false,Y_down
Taiwan,river,y4,Arm,false,X_right
Taiwan,salt,y1,Head,false,Z_back
Taiwan,sea,y1,Head,false,Z_back
Taiwan,short,y1,Lateral,true,X_left
Taiwan,singing,y4,Head,false,X_right
Taiwan,sit,n2,Hand,false,Y_down
Taiwan,snake,n2,Head,false,Z_front
Taiwan,snow,y4,Vertical,true,Y_down
Taiwan,stand,n2,Hand,false,Y_down
Taiwan,star,y4,Horizontal,true,X_left
Taiwan,stone,y4,Head,false,Z_back
Taiwan,sun,y4,Head,false,UNDEF
Taiwan,tail,n1,Arm,false,UNDEF
Taiwan,thin,n3,Lateral,true,X_right
Taiwan,tree,y4,Hand,false,UNDEF
Taiwan,vomit,y4,Hand,false,Z_front
Taiwan,warm,n4,Torso,true,Y_up
Taiwan,water,y4,Horizontal,false,UNDEF
Taiwan,what,n1,Vertical,false,UNDEF
Taiwan,where,n1,Vertical,false,UNDEF
Taiwan,white,n1,Head,false,Z_back
Taiwan,who,n4,Head,false,Z_back
Taiwan,wife,n1,Hand,false,X_left
Taiwan,wind,y4,Lateral,true,Y_down
Taiwan,woman,n1,Vertical,false,X_left
Taiwan,wood,y0,Hand,false,Z_front
Taiwan,work,n0,Hand,false,Y_down
Taiwan,year,n1,Hand,false,Y_down
Taiwan,yellow,y1,Head,false,UNDEF
NewZealand,all,n4,Lateral,false,X_left
NewZealand,animal,y4,Horizontal,true,Y_down
NewZealand,bad,n1,Vertical,false,Z_front
NewZealand,because,y1,Hand,false,Y_down
NewZealand,bird,y1,Head,false,UNDEF
NewZealand,black,y0,Head,false,Z_front
NewZealand,blood,y4,Arm,false,X_right
NewZealand,boring,y4,Head,false,Z_back
NewZealand,brother,y0,Lateral,true,Z_front
NewZealand,bug,y4,Horizontal,false,X_left
NewZealand,cat,y1,Head,true,X_right
NewZealand,child,n4,Horizontal,false,Y_down
NewZealand,correct,y0,Vertical,false,Z_front
NewZealand,count,y4,Vertical,true,X_right
NewZealand,dance,n2,Horizontal,true,UNDEF
NewZealand,day,y0,Head,false,Z_back
NewZealand,die,y4,Horizontal,true,UNDEF
NewZealand,dirty,y4,Hand,false,Z_front
NewZealand,dog,n4,Horizontal,true,Y_down
NewZealand,dry,y4,Vertical,true,X_right
NewZealand,dust,y4,Horizontal,true,X_right
NewZealand,earth,y4,Lateral,true,Y_down
NewZealand,egg,n1,Hand,false,UNDEF
NewZealand,father,y1,Head,false,Z_back
NewZealand,feather,y1,Horizontal,false,Y_down
NewZealand,fire,y4,Horizontal,true,Y_up
NewZealand,fish,y4,Horizontal,false,X_left
NewZealand,flower,n0,Head,false,Z_back
NewZealand,full,n4,Head,false,Y_up
NewZealand,good,y0,Vertical,false,Z_front
NewZealand,grass,y4,Vertical,true,X_right
NewZealand,grease,y4,Horizontal,true,UNDEF
NewZealand,green,y4,Hand,false,Z_back
NewZealand,heavy,y4,Horizontal,true,Y_down
NewZealand,how,y4,Horizontal,true,UNDEF
NewZealand,husband,y1,Hand,false,X_left
NewZealand,ice,y4,Horizontal,true,Z_back
NewZealand,if,y0,Head,false,Z_front
NewZealand,kill,y0,Hand,false,X_right
NewZealand,laugh,y1,Head,false,X_left
NewZealand,leaf,y1,Lateral,true,X_right
NewZealand,lie,n1,Head,false,X_right
NewZealand,live,y4,Hand,false,Y_down
NewZealand,long,y4,Lateral,true,X_right
NewZealand,look_for,n1,Head,false,Z_front
NewZealand,man,n0,Head,false,Y_down
NewZealand,meat,y0,Hand,false,Z_back
NewZealand,moon,y1,Vertical,false,Y_down
NewZealand,mother,n3,Hand,false,Y_down
NewZealand,mountain,n4,Horizontal,false,Y_up
NewZealand,name,n2,Head,false,UNDEF
NewZealand,narrow,y4,Lateral,true,X_left
NewZealand,new,n4,Hand,false,Y_up
NewZealand,night,y4,Head,true,Y_down
NewZealand,not,y1,Vertical,false,X_right
NewZealand,old,y1,Head,false,Y_down
NewZealand,other,n1,Horizontal,false,Y_up
NewZealand,person,y1,Horizontal,false,Y_down
NewZealand,pig,n0,Head,false,Y_down
NewZealand,play,n4,Horizontal,true,Y_up
NewZealand,rain,n4,Horizontal,true,UNDEF
NewZealand,red,n1,Head,false,UNDEF
NewZealand,river,y1,Horizontal,false,Z_front
NewZealand,salt,y4,Lateral,false,X_left
NewZealand,sea,y4,Horizontal,true,X_right
NewZealand,sharp,n1,Hand,false,X_right
NewZealand,short,y4,Lateral,true,X_left
NewZealand,singing,n2,Head,false,Y_up
NewZealand,sister,y1,Head,false,Z_back
NewZealand,sit,y0,Horizontal,true,Y_down
NewZealand,smooth,y4,Hand,false,Z_front
NewZealand,snake,y2,Head,false,Z_front
NewZealand,snow,y2,Head,false,Z_front
NewZealand,stand,n2,Hand,false,Y_down
NewZealand,star,n1,Head,false,UNDEF
NewZealand,stone,y1,Vertical,false,Z_front
NewZealand,string,y1,Lateral,true,X_right
NewZealand,sun,y4,Head,false,Z_back
NewZealand,tail,y1,Hand,false,Y_up
NewZealand,thin,y1,Lateral,true,X_right
NewZealand,tree,y4,Lateral,false,UNDEF
NewZealand,vomit,n0,Head,false,Y_down
NewZealand,warm,y4,Head,false,UNDEF
NewZealand,water,y1,Head,false,Y_down
NewZealand,wet,y4,Horizontal,true,UNDEF
NewZealand,what,n1,Vertical,false,UNDEF
NewZealand,when,y4,Head,false,UNDEF
NewZealand,where,y4,Horizontal,true,X_right
NewZealand,white,y1,Hand,false,UNDEF
NewZealand,who,n1,Vertical,false,Z_back
NewZealand,wide,y4,Lateral,true,X_right
NewZealand,wife,y1,Hand,false,X_left
NewZealand,wind,y4,Horizontal,false,X_left
NewZealand,with,y4,Horizontal,true,UNDEF
NewZealand,woman,y4,Hand,false,UNDEF
NewZealand,wood,y4,Lateral,true,X_right
NewZealand,work,n4,Hand,false,Y_down
NewZealand,worm,n1,Horizontal,false,X_left
NewZealand,year,n1,Horizontal,true,Y_down
NewZealand,yellow,y1,Head,false,UNDEF
AllMissing,all,,,,
AllMissing,animal,,,,
AllMissing,bad,,,,
AllMissing,because,,,,
AllMissing,bird,,,,
AllMissing,black,,,,
AllMissing,blood,,,,
AllMissing,boring,,,,
AllMissing,brother,,,,
AllMissing,bug,,,,
AllMissing,cat,,,,
AllMissing,child,,,,
AllMissing,correct,,,,
AllMissing,count,,,,
AllMissing,dance,,,,
AllMissing,day,,,,
AllMissing,die,,,,
AllMissing,dirty,,,,
AllMissing,dog,,,,
AllMissing,dry,,,,
AllMissing,dust,,,,
AllMissing,earth,,,,
AllMissing,egg,,,,
AllMissing,father,,,,
AllMissing,feather,,,,
AllMissing,fire,,,,
AllMissing,fish,,,,
AllMissing,flower,,,,
AllMissing,full,,,,
AllMissing,good,,,,
AllMissing,grass,,,,
AllMissing,grease,,,,
AllMissing,green,,,,
AllMissing,heavy,,,,
AllMissing,how,,,,
AllMissing,husband,,,,
AllMissing,ice,,,,
AllMissing,if,,,,
AllMissing,kill,,,,
AllMissing,laugh,,,,
AllMissing,leaf,,,,
AllMissing,lie,,,,
AllMissing,live,,,,
AllMissing,long,,,,
AllMissing,look_for,,,,
AllMissing,man,,,,
AllMissing,meat,,,,
AllMissing,moon,,,,
AllMissing,mother,,,,
AllMissing,mountain,,,,
AllMissing,name,,,,
AllMissing,narrow,,,,
AllMissing,new,,,,
AllMissing,night,,,,
AllMissing,not,,,,
AllMissing,old,,,,
AllMissing,other,,,,
AllMissing,person,,,,
AllMissing,pig,,,,
AllMissing,play,,,,
AllMissing,rain,,,,
AllMissing,red,,,,
AllMissing,river,,,,
AllMissing,salt,,,,
AllMissing,sea,,,,
AllMissing,sharp,,,,
AllMissing,short,,,,
AllMissing,singing,,,,
AllMissing,sister,,,,
AllMissing,sit,,,,
AllMissing,smooth,,,,
AllMissing,snake,,,,
AllMissing,snow,,,,
AllMissing,stand,,,,
AllMissing,star,,,,
AllMissing,stone,,,,
AllMissing,string,,,,
AllMissing,sun,,,,
AllMissing,tail,,,,
AllMissing,thin,,,,
AllMissing,tree,,,,
AllMissing,vomit,,,,
AllMissing,warm,,,,
AllMissing,water,,,,
AllMissing,wet,,,,
AllMissing,what,,,,
AllMissing,when,,,,
AllMissing,where,,,,
AllMissing,white,,,,
AllMissing,who,,,,
AllMissing,wide,,,,
AllMissing,wife,,,,
AllMissing,wind,,,,
AllMissing,with,,,,
AllMissing,woman,,,,
AllMissing,wood,,,,
AllMissing,work,,,,
AllMissing,worm,,,,
AllMissing,year,,,,
AllMissing,yellow,,,,
